"","time","device_id","s_0","s_1","s_2","s_3","s_d0","s_t0","s_h0"
"1",2017-10-13 22:16:11,"28C2DDDD4423",0,100,1,0,3,27.62,100
"2",2017-10-13 22:16:13,"781463DA0149A7F0",0,100,1,0,11,27.73,80
"3",2017-10-13 22:16:13,"781463DA0149B198",0,100,1,0,13,27.77,79
"4",2017-10-13 22:16:14,"781463DA0149AD11",0,100,1,0,13,28.84,76
"5",2017-10-13 22:16:15,"781463DA0104F38E",0,100,1,0,28,27.12,82
"6",2017-10-13 22:16:16,"781463DA0104F38D",0,100,1,0,8,29.78,74
"7",2017-10-13 22:16:17,"28C2DDDD47E7",0,100,1,0,3,31.12,76
"8",2017-10-13 22:16:19,"781463DA0104F314",0,100,1,0,14,26.36,80
"9",2017-10-13 22:16:23,"781463DA0149A78F",0,100,1,0,8,26.13,88
"10",2017-10-13 22:16:27,"781463DA0104F77D",0,100,1,0,10,26.87,83
"11",2017-10-13 22:16:28,"781463DA0149A45F",0,100,1,0,6,24.7,90
"12",2017-10-13 22:16:29,"28C2DDDD452E",0,100,1,0,3,27.5,100
"13",2017-10-13 22:16:29,"781463DA0149AF90",0,100,1,0,23,25.32,86
"14",2017-10-13 22:16:29,"781463DA0149AFDB",0,100,1,0,18,27.13,82
"15",2017-10-13 22:16:30,"781463DA0104F620",0,100,1,0,16,26.86,83
"16",2017-10-13 22:16:30,"781463DA0104F6A5",0,100,1,0,13,27.24,81
"17",2017-10-13 22:16:30,"781463DA0149B1A1",0,100,1,0,19,28.63,76
"18",2017-10-13 22:16:31,"781463DA0149A472",0,100,1,0,20,27.31,83
"19",2017-10-13 22:16:32,"781463DA0104F3E4",0,100,1,0,16,27.23,82
"20",2017-10-13 22:16:32,"781463DA014AA885",0,100,1,0,20,26.95,82
"21",2017-10-13 22:16:34,"28C2DDDD43FD",0,100,1,0,7,28,121
"22",2017-10-13 22:16:34,"781463DA0104F429",0,100,1,0,10,24.93,88
"23",2017-10-13 22:16:37,"28C2DDDD415C",0,100,1,0,8,28.25,100
"24",2017-10-13 22:16:40,"781463DA0104F20E",0,100,1,0,24,28.94,77
"25",2017-10-13 22:16:53,"781463DA0149A515",0,100,1,0,24,26.17,86
"26",2017-10-13 22:17:06,"781463DA0104F284",0,100,1,0,36,24.04,94
"27",2017-10-13 22:17:06,"781463DA0104F43D",0,100,1,0,9,27.61,82
"28",2017-10-13 22:17:16,"781463DA014AA88F",0,100,1,0,8,30.42,71
"29",2017-10-13 22:17:22,"28C2DDDD423A",0,100,1,0,4,30.25,88
"30",2017-10-13 22:17:31,"28C2DDDD4363",0,100,1,0,6,34,71
"31",2017-10-13 22:17:32,"28C2DDDD4242",0,100,1,0,0,32.25,79
"32",2017-10-13 22:18:05,"28C2DDDD45E4",0,100,1,0,4,27.87,100
"33",2017-10-13 22:18:11,"28C2DDDD44AA",0,100,1,0,3,30.87,100
"34",2017-10-13 22:18:12,"781463DA0104F278",0,100,1,0,17,27.71,80
"35",2017-10-13 22:18:12,"781463DA0104F3EA",0,100,1,0,7,28.24,77
"36",2017-10-13 22:18:12,"781463DA0104F695",0,100,1,0,16,25.69,89
"37",2017-10-13 22:18:12,"781463DA0149B1EF",0,100,1,0,14,26.01,86
"38",2017-10-13 22:18:13,"781463DA0149A786",0,100,1,0,20,26.09,87
"39",2017-10-13 22:18:13,"781463DA0149B3AD",0,100,1,0,15,25.46,90
"40",2017-10-13 22:18:14,"781463DA0149ABD3",0,100,1,0,0,26.22,60
"41",2017-10-13 22:18:18,"781463DA0104F34A",0,100,1,0,20,27.55,82
"42",2017-10-13 22:18:18,"781463DA0149A7BC",0,100,1,0,8,26.48,85
"43",2017-10-13 22:18:19,"781463DA0104F4E6",0,100,1,0,2,24.63,74
"44",2017-10-13 22:18:19,"781463DA0104F566",0,100,1,0,8,26.42,85
"45",2017-10-13 22:18:19,"781463DA0149DBFF",0,100,1,0,10,25.55,88
"46",2017-10-13 22:18:20,"781463DA0149A177",0,100,1,0,9,26.12,86
"47",2017-10-13 22:18:20,"781463DA0149B1C4",0,100,1,0,22,26.67,83
"48",2017-10-13 22:18:21,"781463DA0104F689",0,100,1,0,11,27.54,81
"49",2017-10-13 22:18:22,"781463DA0104F797",0,100,1,0,13,27.09,81
"50",2017-10-13 22:18:28,"28C2DDDD459F",0,100,1,0,0,29.62,91
"51",2017-10-13 22:18:29,"781463DA0104F6A9",0,100,1,0,13,26.73,84
"52",2017-10-13 22:18:36,"28C2DDDD45E2",0,100,1,0,34,31.87,86
"53",2017-10-13 22:18:39,"781463DA0104F2C0",0,100,1,0,14,27.64,81
"54",2017-10-13 22:18:40,"781463DA0104F417",0,100,1,0,11,26.63,84
"55",2017-10-13 22:18:40,"781463DA0149A43B",0,100,1,0,9,26.8,84
"56",2017-10-13 22:18:41,"781463DA0104F70A",0,100,1,0,10,27.67,81
"57",2017-10-13 22:18:49,"28C2DDDD4305",0,100,1,0,3,29.75,100
"58",2017-10-13 22:18:49,"781463DA0149ABAC",0,100,1,0,18,26.24,86
"59",2017-10-13 22:18:57,"28C2DDDD4797",0,100,1,0,32,32,88
"60",2017-10-13 22:19:00,"781463DA0104F657",0,100,1,0,0,26.18,87
"61",2017-10-13 22:19:03,"781463DA0104F787",0,100,1,0,0,29.28,76
"62",2017-10-13 22:19:10,"781463DA0104F624",0,100,1,0,14,27.37,82
"63",2017-10-13 22:19:14,"781463DA0149A7F0",0,100,1,0,10,27.71,80
"64",2017-10-13 22:19:14,"781463DA0149B198",0,100,1,0,11,27.75,79
"65",2017-10-13 22:19:15,"781463DA0149AD11",0,100,1,0,13,28.86,76
"66",2017-10-13 22:19:16,"781463DA0104F38E",0,100,1,0,29,27.22,82
"67",2017-10-13 22:19:17,"781463DA0104F38D",0,100,1,0,10,29.77,74
"68",2017-10-13 22:19:21,"781463DA0104F314",0,100,1,0,11,26.38,80
"69",2017-10-13 22:19:22,"28C2DDDD4357",0,100,1,0,0,28.25,117
"70",2017-10-13 22:19:25,"781463DA0149A78F",0,100,1,0,14,26.17,88
"71",2017-10-13 22:19:26,"28C2DDDD434C",0,100,1,0,20,31.25,66
"72",2017-10-13 22:19:28,"781463DA0104F77D",0,100,1,0,10,26.85,83
"73",2017-10-13 22:19:29,"781463DA0149A45F",0,100,1,0,9,24.67,90
"74",2017-10-13 22:19:31,"781463DA0149AFDB",0,100,1,0,19,27.11,82
"75",2017-10-13 22:19:32,"781463DA0104F620",0,100,1,0,16,26.76,83
"76",2017-10-13 22:19:32,"781463DA0104F6A5",0,100,1,0,12,27.23,81
"77",2017-10-13 22:19:32,"781463DA0149A472",0,100,1,0,20,27.28,83
"78",2017-10-13 22:19:32,"781463DA0149B1A1",0,100,1,0,16,28.62,76
"79",2017-10-13 22:19:33,"781463DA0104F3E4",0,100,1,0,14,27.16,82
"80",2017-10-13 22:19:33,"781463DA0149AF90",0,100,1,0,22,25.29,87
"81",2017-10-13 22:19:33,"781463DA014AA885",0,100,1,0,19,26.94,83
"82",2017-10-13 22:19:35,"781463DA0104F429",0,100,1,0,9,24.95,88
"83",2017-10-13 22:19:41,"781463DA0104F20E",0,100,1,0,26,28.95,77
"84",2017-10-13 22:20:07,"781463DA0104F284",0,100,1,0,21,24.07,94
"85",2017-10-13 22:20:07,"781463DA0104F43D",0,100,1,0,8,27.63,82
"86",2017-10-13 22:20:17,"781463DA014AA88F",0,100,1,0,6,30.36,71
"87",2017-10-13 22:20:27,"28C2DDDD47CE",0,100,1,0,1,28.25,100
"88",2017-10-13 22:20:32,"781463DA0149A515",0,100,1,0,30,26.18,86
"89",2017-10-13 22:21:12,"781463DA0104F278",0,100,1,0,18,27.69,81
"90",2017-10-13 22:21:12,"781463DA0149B1EF",0,100,1,0,15,26.04,85
"91",2017-10-13 22:21:13,"28C2DDDD4566",0,100,1,0,8,27.5,100
"92",2017-10-13 22:21:13,"781463DA0104F3EA",0,100,1,0,9,28.19,77
"93",2017-10-13 22:21:13,"781463DA0104F695",0,100,1,0,17,25.65,89
"94",2017-10-13 22:21:14,"781463DA0149A786",0,100,1,0,25,26.09,87
"95",2017-10-13 22:21:14,"781463DA0149B3AD",0,100,1,0,18,25.46,90
"96",2017-10-13 22:21:15,"781463DA0149ABD3",0,100,1,0,0,26.28,59
"97",2017-10-13 22:21:19,"781463DA0104F34A",0,100,1,0,21,27.57,82
"98",2017-10-13 22:21:20,"781463DA0104F4E6",0,100,1,0,1,24.52,74
"99",2017-10-13 22:21:20,"781463DA0149A7BC",0,100,1,0,5,26.46,85
"100",2017-10-13 22:21:21,"781463DA0104F566",0,100,1,0,6,26.44,85
"101",2017-10-13 22:21:21,"781463DA0149A177",0,100,1,0,9,26.09,86
"102",2017-10-13 22:21:21,"781463DA0149B1C4",0,100,1,0,21,26.55,84
"103",2017-10-13 22:21:21,"781463DA0149DBFF",0,100,1,0,11,25.55,88
"104",2017-10-13 22:21:23,"781463DA0104F689",0,100,1,0,10,27.5,81
"105",2017-10-13 22:21:24,"781463DA0104F797",0,100,1,0,11,27.04,81
"106",2017-10-13 22:21:30,"781463DA0104F6A9",0,100,1,0,12,26.71,84
"107",2017-10-13 22:21:40,"781463DA0104F2C0",0,100,1,0,14,27.68,81
"108",2017-10-13 22:21:41,"781463DA0149A43B",0,100,1,0,8,26.77,83
"109",2017-10-13 22:21:42,"781463DA0104F417",0,100,1,0,10,26.58,85
"110",2017-10-13 22:21:43,"781463DA0104F70A",0,100,1,0,12,27.64,81
"111",2017-10-13 22:21:52,"28C2DDDD4243",0,100,1,0,7,28.5,100
"112",2017-10-13 22:22:01,"781463DA0104F657",0,100,1,0,0,26.13,87
"113",2017-10-13 22:22:04,"781463DA0104F787",0,100,1,0,0,29.29,76
"114",2017-10-13 22:22:11,"28C2DDDD47AD",0,100,1,0,22,31.5,89
"115",2017-10-13 22:22:11,"781463DA0104F624",0,100,1,0,14,27.4,82
"116",2017-10-13 22:22:15,"781463DA0149A7F0",0,100,1,0,11,27.7,80
"117",2017-10-13 22:22:15,"781463DA0149AD11",0,100,1,0,15,28.83,77
"118",2017-10-13 22:22:15,"781463DA0149B198",0,100,1,0,14,27.75,80
"119",2017-10-13 22:22:17,"781463DA0104F38E",0,100,1,0,30,27.18,82
"120",2017-10-13 22:22:18,"781463DA0104F38D",0,100,1,0,10,29.75,74
"121",2017-10-13 22:22:22,"781463DA0104F314",0,100,1,0,10,26.38,80
"122",2017-10-13 22:22:24,"28C2DDDD452E",0,100,1,0,3,27.62,100
"123",2017-10-13 22:22:26,"781463DA0149A78F",0,100,1,0,14,26.1,88
"124",2017-10-13 22:22:30,"781463DA0104F77D",0,100,1,0,8,26.85,83
"125",2017-10-13 22:22:30,"781463DA0149A45F",0,100,1,0,6,24.66,91
"126",2017-10-13 22:22:31,"28C2DDDD4583",0,100,1,0,2,32.25,78
"127",2017-10-13 22:22:32,"781463DA0149AFDB",0,100,1,0,16,27.07,82
"128",2017-10-13 22:22:32,"781463DA0149B1A1",0,100,1,0,20,28.63,76
"129",2017-10-13 22:22:33,"28C2DDDD415C",0,100,1,0,8,28.25,100
"130",2017-10-13 22:22:33,"781463DA0104F620",0,100,1,0,21,26.69,83
"131",2017-10-13 22:22:33,"781463DA0149A472",0,100,1,0,21,27.31,83
"132",2017-10-13 22:22:34,"781463DA0104F6A5",0,100,1,0,13,27.23,81
"133",2017-10-13 22:22:35,"781463DA0149AF90",0,100,1,0,22,25.29,87
"134",2017-10-13 22:22:35,"781463DA014AA885",0,100,1,0,21,26.91,83
"135",2017-10-13 22:22:36,"781463DA0104F429",0,100,1,0,9,24.95,88
"136",2017-10-13 22:22:37,"781463DA0104F3E4",0,100,1,0,15,26.96,83
"137",2017-10-13 22:22:41,"28C2DDDD434A",0,100,1,0,1,30,104
"138",2017-10-13 22:22:42,"781463DA0104F20E",0,100,1,0,21,28.95,77
"139",2017-10-13 22:22:45,"28C2DDDD47CC",0,100,1,0,1,27.12,100
"140",2017-10-13 22:22:53,"28C2DDDD43FC",0,100,1,0,4,27.62,146
"141",2017-10-13 22:22:55,"28C2DDDD4781",0,100,1,0,18,32.87,85
"142",2017-10-13 22:23:07,"781463DA0104F43D",0,100,1,0,11,27.64,82
"143",2017-10-13 22:23:08,"781463DA0104F284",0,100,1,0,101,24.08,94
"144",2017-10-13 22:23:13,"28C2DDDD45AA",0,100,1,0,0,29.5,100
"145",2017-10-13 22:23:18,"781463DA014AA88F",0,100,1,0,3,30.38,72
"146",2017-10-13 22:23:27,"28C2DDDD4363",0,100,1,0,4,34,71
"147",2017-10-13 22:23:38,"28C2DDDD459E",0,100,1,0,87,30.12,58
"148",2017-10-13 22:23:44,"28C2DDDD4159",0,100,1,0,0,29,91
"149",2017-10-13 22:23:46,"28C2DDDD4519",0,100,1,0,2,29,70
"150",2017-10-13 22:23:47,"28C2DDDD4582",0,100,1,0,7,27.12,100
"151",2017-10-13 22:23:56,"28C2DDDD457F",0,100,1,0,3,27.87,100
"152",2017-10-13 22:23:57,"28C2DDDD456A",0,100,1,0,14,27.62,100
"153",2017-10-13 22:24:03,"28C2DDDD43F8",0,100,1,0,12,28.5,129
"154",2017-10-13 22:24:06,"28C2DDDD4180",0,100,1,0,3,27.87,97
"155",2017-10-13 22:24:12,"781463DA0149A515",0,100,1,0,26,26.1,87
"156",2017-10-13 22:24:13,"28C2DDDD4242",0,100,1,0,0,32.25,79
"157",2017-10-13 22:24:13,"781463DA0104F3EA",0,100,1,0,5,28.13,77
"158",2017-10-13 22:24:13,"781463DA0104F695",0,100,1,0,17,25.65,89
"159",2017-10-13 22:24:13,"781463DA0149B1EF",0,100,1,0,14,26.03,86
"160",2017-10-13 22:24:14,"781463DA0104F278",0,100,1,0,17,27.69,80
"161",2017-10-13 22:24:14,"781463DA0149B3AD",0,100,1,0,20,25.37,90
"162",2017-10-13 22:24:15,"781463DA0149A786",0,100,1,0,22,26.09,87
"163",2017-10-13 22:24:16,"781463DA0149ABD3",0,100,1,0,0,26.27,58
"164",2017-10-13 22:24:20,"781463DA0104F34A",0,100,1,0,22,27.58,82
"165",2017-10-13 22:24:21,"781463DA0104F4E6",0,100,1,0,2,24.31,74
"166",2017-10-13 22:24:21,"781463DA0149A7BC",0,100,1,0,8,26.45,85
"167",2017-10-13 22:24:22,"781463DA0104F566",0,100,1,0,8,26.45,85
"168",2017-10-13 22:24:22,"781463DA0149A177",0,100,1,0,8,26.12,87
"169",2017-10-13 22:24:22,"781463DA0149B1C4",0,100,1,0,26,26.44,84
"170",2017-10-13 22:24:22,"781463DA0149DBFF",0,100,1,0,12,25.52,88
"171",2017-10-13 22:24:24,"781463DA0104F689",0,100,1,0,11,27.48,81
"172",2017-10-13 22:24:25,"781463DA0104F797",0,100,1,0,20,26.98,82
"173",2017-10-13 22:24:26,"28C2DDDD40E0",0,100,1,0,18,31.5,80
"174",2017-10-13 22:24:31,"28C2DDDD45E2",0,100,1,0,35,31.87,87
"175",2017-10-13 22:24:31,"781463DA0104F6A9",0,100,1,0,11,26.68,84
"176",2017-10-13 22:24:42,"781463DA0104F2C0",0,100,1,0,16,27.72,81
"177",2017-10-13 22:24:42,"781463DA0104F417",0,100,1,0,11,26.63,85
"178",2017-10-13 22:24:42,"781463DA0149A43B",0,100,1,0,10,26.77,84
"179",2017-10-13 22:24:45,"781463DA0104F70A",0,100,1,0,11,27.62,81
"180",2017-10-13 22:25:03,"781463DA0104F657",0,100,1,0,0,26.08,87
"181",2017-10-13 22:25:05,"781463DA0104F787",0,100,1,0,0,29.25,76
"182",2017-10-13 22:25:09,"781463DA0149ABAC",0,100,1,0,21,26.24,85
"183",2017-10-13 22:25:12,"781463DA0104F624",0,100,1,0,14,27.34,82
"184",2017-10-13 22:25:15,"28C2DDDD45FC",0,100,1,0,3,28.87,100
"185",2017-10-13 22:25:16,"781463DA0149AD11",0,100,1,0,12,28.86,77
"186",2017-10-13 22:25:16,"781463DA0149B198",0,100,1,0,14,27.71,80
"187",2017-10-13 22:25:19,"781463DA0104F38D",0,100,1,0,11,29.75,74
"188",2017-10-13 22:25:23,"781463DA0104F314",0,100,1,0,12,26.36,80
"189",2017-10-13 22:25:24,"781463DA0104F38E",0,100,1,0,22,27.15,82
"190",2017-10-13 22:25:24,"781463DA0149A7F0",0,100,1,0,11,27.73,80
"191",2017-10-13 22:25:27,"28C2DDDD4343",0,100,1,0,19,32.12,72
"192",2017-10-13 22:25:27,"781463DA0149A78F",0,100,1,0,11,26.05,88
"193",2017-10-13 22:25:28,"28C2DDDD47C0",0,100,1,0,19,33.37,66
"194",2017-10-13 22:25:31,"781463DA0149A45F",0,100,1,0,6,24.6,91
"195",2017-10-13 22:25:38,"781463DA0104F429",0,100,1,0,7,25,88
"196",2017-10-13 22:25:43,"781463DA0104F20E",0,100,1,0,20,28.94,77
"197",2017-10-13 22:25:48,"781463DA0104F3E4",0,100,1,0,17,26.75,83
"198",2017-10-13 22:25:48,"781463DA0104F620",0,100,1,0,14,26.61,84
"199",2017-10-13 22:25:48,"781463DA0104F6A5",0,100,1,0,8,27.21,81
"200",2017-10-13 22:25:48,"781463DA0104F77D",0,100,1,0,10,26.85,83
"201",2017-10-13 22:25:48,"781463DA0149A472",0,100,1,0,22,27.27,83
"202",2017-10-13 22:25:48,"781463DA0149AF90",0,100,1,0,20,25.24,87
"203",2017-10-13 22:25:48,"781463DA0149AFDB",0,100,1,0,14,27.09,82
"204",2017-10-13 22:25:48,"781463DA0149B1A1",0,100,1,0,19,28.62,76
"205",2017-10-13 22:25:48,"781463DA014AA885",0,100,1,0,20,26.91,83
"206",2017-10-13 22:26:08,"781463DA0104F284",0,100,1,0,50,24.03,94
"207",2017-10-13 22:26:09,"781463DA0104F43D",0,100,1,0,14,27.63,81
"208",2017-10-13 22:26:19,"781463DA014AA88F",0,100,1,0,5,30.36,71
"209",2017-10-13 22:26:29,"28C2DDDD47CB",0,100,1,0,19,32,100
"210",2017-10-13 22:26:34,"28C2DDDD4229",0,100,1,0,3,28.87,100
"211",2017-10-13 22:26:34,"28C2DDDD4239",0,100,1,0,0,31.25,86
"212",2017-10-13 22:26:40,"28C2DDDD415F",0,100,1,0,9,29.62,54
"213",2017-10-13 22:27:14,"28C2DDDD4360",0,100,1,0,1,29,100
"214",2017-10-13 22:27:14,"781463DA0104F278",0,100,1,0,16,27.68,80
"215",2017-10-13 22:27:14,"781463DA0104F3EA",0,100,1,0,15,28.03,77
"216",2017-10-13 22:27:14,"781463DA0104F695",0,100,1,0,16,25.62,89
"217",2017-10-13 22:27:14,"781463DA0149B1EF",0,100,1,0,16,26,86
"218",2017-10-13 22:27:15,"781463DA0149B3AD",0,100,1,0,24,25.34,90
"219",2017-10-13 22:27:16,"781463DA0149A786",0,100,1,0,20,26.14,87
"220",2017-10-13 22:27:17,"781463DA0149ABD3",0,100,1,0,0,26.22,57
"221",2017-10-13 22:27:22,"781463DA0104F34A",0,100,1,0,22,27.61,81
"222",2017-10-13 22:27:23,"781463DA0104F4E6",0,100,1,0,2,24.2,75
"223",2017-10-13 22:27:23,"781463DA0104F566",0,100,1,0,6,26.42,85
"224",2017-10-13 22:27:23,"781463DA0149A7BC",0,100,1,0,5,26.46,85
"225",2017-10-13 22:27:23,"781463DA0149B1C4",0,100,1,0,25,26.38,84
"226",2017-10-13 22:27:24,"781463DA0149A177",0,100,1,0,8,26.14,87
"227",2017-10-13 22:27:24,"781463DA0149DBFF",0,100,1,0,10,25.5,89
"228",2017-10-13 22:27:25,"781463DA0104F689",0,100,1,0,11,27.47,81
"229",2017-10-13 22:27:26,"28C2DDDD4394",0,100,1,0,6,32,77
"230",2017-10-13 22:27:27,"781463DA0104F797",0,100,1,0,12,26.95,82
"231",2017-10-13 22:27:31,"28C2DDDD45E7",0,100,1,0,2,31.62,82
"232",2017-10-13 22:27:32,"781463DA0104F6A9",0,100,1,0,12,26.65,84
"233",2017-10-13 22:27:36,"28C2DDDD4003",0,100,1,0,1,28,100
"234",2017-10-13 22:27:43,"781463DA0104F417",0,100,1,0,13,26.56,85
"235",2017-10-13 22:27:44,"781463DA0149A43B",0,100,1,0,8,26.77,84
"236",2017-10-13 22:27:46,"781463DA0104F2C0",0,100,1,0,17,27.73,81
"237",2017-10-13 22:27:47,"781463DA0104F70A",0,100,1,0,10,27.59,81
"238",2017-10-13 22:27:52,"781463DA0149A515",0,100,1,0,22,26.06,87
"239",2017-10-13 22:28:02,"781463DA014AABE1",0,100,1,0,15,27.24,83
"240",2017-10-13 22:28:04,"781463DA0104F657",0,100,1,0,0,26.05,87
"241",2017-10-13 22:28:07,"781463DA0104F787",0,100,1,0,0,29.26,76
"242",2017-10-13 22:28:09,"781463DA0149ABAC",0,100,1,0,18,26.26,85
"243",2017-10-13 22:28:10,"28C2DDDD4423",0,100,1,0,3,27.62,100
"244",2017-10-13 22:28:13,"781463DA0104F624",0,100,1,0,15,27.36,82
"245",2017-10-13 22:28:16,"781463DA0149B198",0,100,1,0,14,27.69,80
"246",2017-10-13 22:28:17,"781463DA0149AD11",0,100,1,0,13,28.9,77
"247",2017-10-13 22:28:20,"781463DA0104F38D",0,100,1,0,8,29.75,74
"248",2017-10-13 22:28:23,"781463DA0104F314",0,100,1,0,11,26.32,80
"249",2017-10-13 22:28:25,"781463DA0104F38E",0,100,1,0,21,27.17,82
"250",2017-10-13 22:28:25,"781463DA0149A7F0",0,100,1,0,10,27.67,81
"251",2017-10-13 22:28:28,"781463DA0149A78F",0,100,1,0,14,26,88
"252",2017-10-13 22:28:29,"28C2DDDD415C",0,100,1,0,12,28.25,100
"253",2017-10-13 22:28:32,"781463DA0149A45F",0,100,1,0,6,24.6,91
"254",2017-10-13 22:28:33,"781463DA014AABE1",0,100,1,0,14,27.24,83
"255",2017-10-13 22:28:37,"28C2DDDD434A",0,100,1,0,1,29.87,104
"256",2017-10-13 22:28:39,"781463DA0104F429",0,100,1,0,6,24.98,88
"257",2017-10-13 22:28:40,"28C2DDDD47CC",0,100,1,0,1,27.12,100
"258",2017-10-13 22:28:43,"781463DA0104F20E",0,100,1,0,20,28.97,77
"259",2017-10-13 22:28:48,"28C2DDDD423E",0,100,1,0,4,27.75,136
"260",2017-10-13 22:28:49,"781463DA0104F620",0,100,1,0,19,26.59,84
"261",2017-10-13 22:28:50,"28C2DDDD3FFA",0,100,1,0,6,27.37,100
"262",2017-10-13 22:28:50,"781463DA0104F3E4",0,100,1,0,15,26.58,83
"263",2017-10-13 22:28:50,"781463DA0104F6A5",0,100,1,0,13,27.17,81
"264",2017-10-13 22:28:50,"781463DA0104F77D",0,100,1,0,10,26.79,83
"265",2017-10-13 22:28:50,"781463DA0149A472",0,100,1,0,22,27.24,83
"266",2017-10-13 22:28:50,"781463DA0149AF90",0,100,1,0,17,25.21,87
"267",2017-10-13 22:28:50,"781463DA0149AFDB",0,100,1,0,18,27.07,82
"268",2017-10-13 22:28:50,"781463DA0149B1A1",0,100,1,0,18,28.62,76
"269",2017-10-13 22:28:50,"781463DA014AA885",0,100,1,0,21,26.89,83
"270",2017-10-13 22:29:01,"28C2DDDD4599",0,100,1,0,8,28.37,100
"271",2017-10-13 22:29:06,"781463DA014AABE1",0,100,1,0,14,27.25,83
"272",2017-10-13 22:29:09,"781463DA0104F284",0,100,1,0,47,24.04,94
"273",2017-10-13 22:29:10,"781463DA0104F43D",0,100,1,0,7,27.63,82
"274",2017-10-13 22:29:12,"28C2DDDD423A",0,100,1,0,3,30.25,88
"275",2017-10-13 22:29:31,"28C2DDDD4377",0,100,1,0,1,28.62,125
"276",2017-10-13 22:29:37,"781463DA014AABE1",0,100,1,0,14,27.28,83
"277",2017-10-13 22:29:40,"28C2DDDD4159",0,100,1,0,1,29.12,91
"278",2017-10-13 22:29:40,"28C2DDDD4519",0,100,1,0,2,29,70
"279",2017-10-13 22:29:41,"28C2DDDD4583",0,100,1,0,2,32.25,78
"280",2017-10-13 22:30:02,"28C2DDDD4180",0,100,1,0,4,28,96
"281",2017-10-13 22:30:08,"781463DA014AABE1",0,100,1,0,14,27.28,83
"282",2017-10-13 22:30:15,"781463DA0104F278",0,100,1,0,18,27.66,80
"283",2017-10-13 22:30:15,"781463DA0104F3EA",0,100,1,0,16,27.89,78
"284",2017-10-13 22:30:15,"781463DA0104F695",0,100,1,0,14,25.56,89
"285",2017-10-13 22:30:16,"781463DA0149A786",0,100,1,0,24,26.08,87
"286",2017-10-13 22:30:16,"781463DA0149B1EF",0,100,1,0,17,25.99,86
"287",2017-10-13 22:30:18,"781463DA0149ABD3",0,100,1,0,0,26.11,59
"288",2017-10-13 22:30:21,"28C2DDDD40E0",0,100,1,0,14,31.5,80
"289",2017-10-13 22:30:22,"781463DA0149B3AD",0,100,1,0,19,25.33,90
"290",2017-10-13 22:30:23,"781463DA0104F34A",0,100,1,0,16,27.64,81
"291",2017-10-13 22:30:24,"781463DA0104F4E6",0,100,1,0,3,24.33,75
"292",2017-10-13 22:30:24,"781463DA0104F566",0,100,1,0,9,26.44,85
"293",2017-10-13 22:30:24,"781463DA0149A7BC",0,100,1,0,7,26.4,85
"294",2017-10-13 22:30:24,"781463DA0149B1C4",0,100,1,0,18,26.34,84
"295",2017-10-13 22:30:25,"28C2DDDD4378",0,100,1,0,1,30,93
"296",2017-10-13 22:30:25,"781463DA0149DBFF",0,100,1,0,10,25.5,89
"297",2017-10-13 22:30:26,"781463DA0104F689",0,100,1,0,11,27.44,81
"298",2017-10-13 22:30:26,"781463DA0149A177",0,100,1,0,11,26.11,87
"299",2017-10-13 22:30:28,"781463DA0104F797",0,100,1,0,12,26.93,82
"300",2017-10-13 22:30:30,"28C2DDDD459C",0,100,1,0,4,28.25,100
"301",2017-10-13 22:30:33,"781463DA0104F6A9",0,100,1,0,9,26.63,84
"302",2017-10-13 22:30:38,"28C2DDDD4305",0,100,1,0,2,29.75,100
"303",2017-10-13 22:30:48,"781463DA0104F2C0",0,100,1,0,12,27.71,81
"304",2017-10-13 22:30:48,"781463DA0104F70A",0,100,1,0,11,27.63,81
"305",2017-10-13 22:31:01,"781463DA0104F417",0,100,1,0,12,26.46,85
"306",2017-10-13 22:31:02,"781463DA0149A43B",0,100,1,0,12,26.81,84
"307",2017-10-13 22:31:05,"28C2DDDD4242",0,100,1,0,0,32.25,79
"308",2017-10-13 22:31:08,"781463DA0104F787",0,100,1,0,6,29.29,75
"309",2017-10-13 22:31:09,"28C2DDDD45E6",0,100,1,0,2,32.37,76
"310",2017-10-13 22:31:10,"28C2DDDD4357",0,100,1,0,0,28.37,117
"311",2017-10-13 22:31:10,"781463DA0149ABAC",0,100,1,0,18,26.23,85
"312",2017-10-13 22:31:11,"781463DA0104F657",0,100,1,0,0,26.04,87
"313",2017-10-13 22:31:14,"781463DA0104F624",0,100,1,0,10,27.34,82
"314",2017-10-13 22:31:16,"28C2DDDD434C",0,100,1,0,19,31.37,66
"315",2017-10-13 22:31:17,"781463DA0149B198",0,100,1,0,13,27.63,80
"316",2017-10-13 22:31:19,"781463DA0149AD11",0,100,1,0,13,28.93,76
"317",2017-10-13 22:31:22,"781463DA0104F38D",0,100,1,0,11,29.74,74
"318",2017-10-13 22:31:24,"781463DA0104F314",0,100,1,0,11,26.31,80
"319",2017-10-13 22:31:25,"28C2DDDD47C0",0,100,1,0,19,33.37,65
"320",2017-10-13 22:31:26,"781463DA0104F38E",0,100,1,0,23,27.15,83
"321",2017-10-13 22:31:26,"781463DA0149A7F0",0,100,1,0,12,27.68,81
"322",2017-10-13 22:31:30,"781463DA0149A78F",0,100,1,0,10,25.99,88
"323",2017-10-13 22:31:31,"781463DA0149A515",0,100,1,0,27,26,87
"324",2017-10-13 22:31:33,"781463DA0149A45F",0,100,1,0,8,24.57,91
"325",2017-10-13 22:31:40,"781463DA0104F429",0,100,1,0,9,25.02,88
"326",2017-10-13 22:31:42,"28C2DDDD458F",0,100,1,0,10,28.87,140
"327",2017-10-13 22:31:44,"781463DA0104F20E",0,100,1,0,18,28.97,77
"328",2017-10-13 22:31:51,"781463DA0104F3E4",0,100,1,0,17,26.49,84
"329",2017-10-13 22:31:51,"781463DA0104F620",0,100,1,0,13,26.56,84
"330",2017-10-13 22:31:51,"781463DA0104F6A5",0,100,1,0,10,27.18,81
"331",2017-10-13 22:31:51,"781463DA0149AFDB",0,100,1,0,20,27.04,82
"332",2017-10-13 22:31:51,"781463DA0149B1A1",0,100,1,0,18,28.62,76
"333",2017-10-13 22:31:52,"781463DA0104F77D",0,100,1,0,9,26.78,83
"334",2017-10-13 22:31:52,"781463DA0149A472",0,100,1,0,18,27.24,83
"335",2017-10-13 22:31:52,"781463DA0149AF90",0,100,1,0,17,25.22,87
"336",2017-10-13 22:31:52,"781463DA014AA885",0,100,1,0,25,26.87,83
"337",2017-10-13 22:31:55,"28C2DDDD4233",0,100,1,0,1,28.25,151
"338",2017-10-13 22:31:57,"781463DA01499E91",0,100,1,0,14,27.04,83
"339",2017-10-13 22:32:12,"781463DA0104F43D",0,100,1,0,10,27.61,82
"340",2017-10-13 22:32:28,"781463DA01499E91",0,100,1,0,14,27.04,83
"341",2017-10-13 22:32:37,"28C2DDDD4229",0,100,1,0,3,28.62,100
"342",2017-10-13 22:32:57,"28C2DDDD40E8",0,100,1,0,1,30,93
"343",2017-10-13 22:32:59,"781463DA01499E91",0,100,1,0,14,27.07,83
"344",2017-10-13 22:33:09,"28C2DDDD4360",0,100,1,0,3,29,100
"345",2017-10-13 22:33:09,"781463DA014AABE1",0,100,1,0,15,27.31,84
"346",2017-10-13 22:33:13,"28C2DDDD47CB",0,100,1,0,20,32,100
"347",2017-10-13 22:33:16,"781463DA0104F278",0,100,1,0,14,27.66,81
"348",2017-10-13 22:33:16,"781463DA0104F3EA",0,100,1,0,11,27.76,78
"349",2017-10-13 22:33:16,"781463DA0104F695",0,100,1,0,13,25.55,89
"350",2017-10-13 22:33:16,"781463DA0149B1EF",0,100,1,0,19,25.99,86
"351",2017-10-13 22:33:17,"781463DA0149A786",0,100,1,0,13,26.07,87
"352",2017-10-13 22:33:19,"781463DA0149ABD3",0,100,1,0,0,26.1,61
"353",2017-10-13 22:33:23,"781463DA0149B3AD",0,100,1,0,23,25.2,90
"354",2017-10-13 22:33:24,"781463DA0104F34A",0,100,1,0,15,27.6,81
"355",2017-10-13 22:33:25,"781463DA0104F4E6",0,100,1,0,1,24.48,74
"356",2017-10-13 22:33:25,"781463DA0104F566",0,100,1,0,7,26.44,85
"357",2017-10-13 22:33:25,"781463DA0149B1C4",0,100,1,0,16,26.31,84
"358",2017-10-13 22:33:26,"781463DA0149A7BC",0,100,1,0,6,26.36,85
"359",2017-10-13 22:33:27,"28C2DDDD4367",0,100,1,0,8,28.5,148
"360",2017-10-13 22:33:27,"781463DA0149DBFF",0,100,1,0,12,25.49,89
"361",2017-10-13 22:33:28,"781463DA0104F689",0,100,1,0,10,27.44,81
"362",2017-10-13 22:33:29,"781463DA0104F797",0,100,1,0,13,26.89,82
"363",2017-10-13 22:33:29,"781463DA0149A177",0,100,1,0,7,26.09,87
"364",2017-10-13 22:33:30,"28C2DDDD4003",0,100,1,0,0,28.12,100
"365",2017-10-13 22:33:30,"781463DA01499E91",0,100,1,0,15,27.1,83
"366",2017-10-13 22:33:34,"28C2DDDD4404",0,100,1,0,5,27.62,100
"367",2017-10-13 22:33:34,"781463DA0104F6A9",0,100,1,0,13,26.56,84
"368",2017-10-13 22:33:39,"28C2DDDD47C7",0,100,1,0,14,33.25,56
"369",2017-10-13 22:33:42,"28C2DDDD3FE7",0,100,1,0,1,28.37,50
"370",2017-10-13 22:33:49,"781463DA0104F2C0",0,100,1,0,13,27.68,81
"371",2017-10-13 22:33:50,"781463DA0104F70A",0,100,1,0,9,27.62,81
"372",2017-10-13 22:34:02,"781463DA0104F417",0,100,1,0,10,26.4,85
"373",2017-10-13 22:34:02,"781463DA01499E91",0,100,1,0,16,27.11,83
"374",2017-10-13 22:34:03,"781463DA0149A43B",0,100,1,0,10,26.81,84
"375",2017-10-13 22:34:04,"28C2DDDD47E7",0,100,1,0,2,31.12,76
"376",2017-10-13 22:34:11,"781463DA0104F787",0,100,1,0,0,29.29,75
"377",2017-10-13 22:34:11,"781463DA0149ABAC",0,100,1,0,17,26.21,85
"378",2017-10-13 22:34:13,"781463DA0104F657",0,100,1,0,1,25.99,87
"379",2017-10-13 22:34:15,"28C2DDDD452E",0,100,1,0,5,27.5,100
"380",2017-10-13 22:34:15,"781463DA0104F624",0,100,1,0,10,27.33,82
"381",2017-10-13 22:34:17,"781463DA0149B198",0,100,1,0,17,27.63,80
"382",2017-10-13 22:34:19,"781463DA0149AD11",0,100,1,0,16,28.91,76
"383",2017-10-13 22:34:23,"781463DA0104F38D",0,100,1,0,3,29.74,74
"384",2017-10-13 22:34:25,"781463DA0104F314",0,100,1,0,8,26.29,80
"385",2017-10-13 22:34:26,"781463DA0149A7F0",0,100,1,0,9,27.65,80
"386",2017-10-13 22:34:27,"781463DA0104F38E",0,100,1,0,19,27.12,83
"387",2017-10-13 22:34:30,"781463DA0149A78F",0,100,1,0,18,25.93,88
"388",2017-10-13 22:34:33,"28C2DDDD434A",0,100,1,0,1,29.87,104
"389",2017-10-13 22:34:34,"781463DA0149A45F",0,100,1,0,6,24.59,91
"390",2017-10-13 22:34:35,"28C2DDDD479F",0,100,1,0,15,34.12,75
"391",2017-10-13 22:34:41,"781463DA0104F429",0,100,1,0,6,25.09,87
"392",2017-10-13 22:34:45,"781463DA0104F20E",0,100,1,0,19,28.97,77
"393",2017-10-13 22:34:47,"28C2DDDD4781",0,100,1,0,18,32.87,85
"394",2017-10-13 22:34:51,"781463DA0104F620",0,100,1,0,21,26.49,84
"395",2017-10-13 22:34:52,"781463DA0104F3E4",0,100,1,0,18,26.38,84
"396",2017-10-13 22:34:52,"781463DA014AA885",0,100,1,0,20,26.88,83
"397",2017-10-13 22:34:53,"781463DA0104F6A5",0,100,1,0,11,27.17,81
"398",2017-10-13 22:34:53,"781463DA0104F77D",0,100,1,0,9,26.76,83
"399",2017-10-13 22:34:53,"781463DA0149A472",0,100,1,0,24,27.22,83
"400",2017-10-13 22:34:53,"781463DA0149AF90",0,100,1,0,20,25.24,87
"401",2017-10-13 22:34:53,"781463DA0149AFDB",0,100,1,0,16,27.03,82
"402",2017-10-13 22:34:53,"781463DA0149B1A1",0,100,1,0,17,28.63,76
"403",2017-10-13 22:35:07,"28C2DDDD423A",0,100,1,0,2,30.25,88
"404",2017-10-13 22:35:10,"781463DA0149A515",0,100,1,0,19,25.99,87
"405",2017-10-13 22:35:13,"781463DA0104F43D",0,100,1,0,14,27.61,82
"406",2017-10-13 22:35:18,"28C2DDDD423E",0,100,1,0,3,27.87,135
"407",2017-10-13 22:35:21,"28C2DDDD4363",0,100,1,0,4,33.87,71
"408",2017-10-13 22:35:27,"28C2DDDD4571",0,100,1,0,4,26.75,142
"409",2017-10-13 22:35:29,"28C2DDDD4377",0,100,1,0,1,28.75,125
"410",2017-10-13 22:35:31,"28C2DDDD459E",0,100,1,0,83,30.12,58
"411",2017-10-13 22:35:34,"28C2DDDD4159",0,100,1,0,0,29.12,90
"412",2017-10-13 22:35:36,"28C2DDDD4519",0,100,1,0,1,29,71
"413",2017-10-13 22:35:39,"28C2DDDD4582",0,100,1,0,6,27.12,100
"414",2017-10-13 22:35:47,"28C2DDDD45E4",0,100,1,0,4,28,100
"415",2017-10-13 22:35:47,"28C2DDDD47DB",0,100,1,0,5,27.75,100
"416",2017-10-13 22:35:57,"28C2DDDD43F8",0,100,1,0,9,28.62,128
"417",2017-10-13 22:36:09,"28C2DDDD4338",0,100,1,0,0,29.25,88
"418",2017-10-13 22:36:10,"781463DA014AABE1",0,100,1,0,15,27.27,84
"419",2017-10-13 22:36:16,"781463DA0104F695",0,100,1,0,13,25.57,89
"420",2017-10-13 22:36:17,"781463DA0104F278",0,100,1,0,19,27.66,81
"421",2017-10-13 22:36:17,"781463DA0104F3EA",0,100,1,0,9,27.68,78
"422",2017-10-13 22:36:17,"781463DA0149B1EF",0,100,1,0,15,25.97,86
"423",2017-10-13 22:36:18,"781463DA0149A786",0,100,1,0,22,26.12,87
"424",2017-10-13 22:36:21,"28C2DDDD45E2",0,100,1,0,30,31.87,86
"425",2017-10-13 22:36:21,"781463DA0149ABD3",0,100,1,0,0,26.05,61
"426",2017-10-13 22:36:24,"781463DA0149B3AD",0,100,1,0,17,25.05,91
"427",2017-10-13 22:36:25,"28C2DDDD47D6",0,100,1,0,20,36.5,49
"428",2017-10-13 22:36:25,"781463DA0104F34A",0,100,1,0,17,27.58,81
"429",2017-10-13 22:36:26,"781463DA0149B1C4",0,100,1,0,22,26.27,84
"430",2017-10-13 22:36:27,"781463DA0104F4E6",0,100,1,0,2,24.63,74
"431",2017-10-13 22:36:27,"781463DA0104F566",0,100,1,0,5,26.42,85
"432",2017-10-13 22:36:27,"781463DA0149A7BC",0,100,1,0,7,26.33,85
"433",2017-10-13 22:36:28,"781463DA0149DBFF",0,100,1,0,9,25.5,89
"434",2017-10-13 22:36:29,"28C2DDDD41B2",0,100,1,0,0,29.62,91
"435",2017-10-13 22:36:29,"781463DA0104F689",0,100,1,0,10,27.44,81
"436",2017-10-13 22:36:31,"781463DA0104F797",0,100,1,0,19,26.87,82
"437",2017-10-13 22:36:31,"781463DA0149A177",0,100,1,0,9,26.12,87
"438",2017-10-13 22:36:33,"28C2DDDD4305",0,100,1,0,3,29.87,100
"439",2017-10-13 22:36:34,"28C2DDDD4353",0,100,1,0,2,31.5,81
"440",2017-10-13 22:36:35,"781463DA0104F6A9",0,100,1,0,12,26.54,84
"441",2017-10-13 22:36:44,"28C2DDDD4797",0,100,1,0,37,32,87
"442",2017-10-13 22:36:50,"781463DA0104F2C0",0,100,1,0,15,27.65,81
"443",2017-10-13 22:36:52,"781463DA0104F70A",0,100,1,0,11,27.57,81
"444",2017-10-13 22:36:58,"28C2DDDD47C6",0,100,1,0,5,26.62,138
"445",2017-10-13 22:37:03,"28C2DDDD4357",0,100,1,0,0,28.37,117
"446",2017-10-13 22:37:03,"781463DA0104F417",0,100,1,0,12,26.36,85
"447",2017-10-13 22:37:04,"781463DA0149A43B",0,100,1,0,9,26.82,84
"448",2017-10-13 22:37:06,"28C2DDDD45FC",0,100,1,0,3,28.87,100
"449",2017-10-13 22:37:06,"781463DA01499E91",0,100,1,0,16,27.18,83
"450",2017-10-13 22:37:13,"28C2DDDD45A1",0,100,1,0,1,29.87,100
"451",2017-10-13 22:37:13,"781463DA0104F787",0,100,1,0,0,29.29,75
"452",2017-10-13 22:37:13,"781463DA0149ABAC",0,100,1,0,12,26.19,85
"453",2017-10-13 22:37:15,"781463DA0104F657",0,100,1,0,0,25.99,88
"454",2017-10-13 22:37:16,"28C2DDDD4343",0,100,1,0,18,32.12,72
"455",2017-10-13 22:37:16,"781463DA0104F624",0,100,1,0,10,27.36,82
"456",2017-10-13 22:37:18,"781463DA0149B198",0,100,1,0,17,27.63,80
"457",2017-10-13 22:37:21,"781463DA0149AD11",0,100,1,0,18,28.86,76
"458",2017-10-13 22:37:22,"28C2DDDD47C0",0,100,1,0,20,33.5,66
"459",2017-10-13 22:37:22,"28C2DDDD47C5",0,100,1,0,4,34.12,87
"460",2017-10-13 22:37:24,"781463DA0104F38D",0,100,1,0,6,29.69,74
"461",2017-10-13 22:37:26,"781463DA0104F314",0,100,1,0,7,26.31,80
"462",2017-10-13 22:37:27,"781463DA0149A7F0",0,100,1,0,10,27.64,80
"463",2017-10-13 22:37:28,"781463DA0104F38E",0,100,1,0,27,27.18,82
"464",2017-10-13 22:37:32,"781463DA0149A78F",0,100,1,0,10,25.95,88
"465",2017-10-13 22:37:35,"781463DA0149A45F",0,100,1,0,9,24.56,91
"466",2017-10-13 22:37:37,"28C2DDDD458F",0,100,1,0,8,28.87,140
"467",2017-10-13 22:37:38,"28C2DDDD40FD",0,100,1,0,10,29.12,99
"468",2017-10-13 22:37:38,"28C2DDDD4534",0,100,1,0,1,31.62,66
"469",2017-10-13 22:37:42,"781463DA0104F429",0,100,1,0,12,25.14,87
"470",2017-10-13 22:37:46,"781463DA0104F20E",0,100,1,0,20,28.94,77
"471",2017-10-13 22:37:49,"28C2DDDD4233",0,100,1,0,2,28,151
"472",2017-10-13 22:37:53,"781463DA0104F620",0,100,1,0,18,26.45,84
"473",2017-10-13 22:37:53,"781463DA014AA885",0,100,1,0,18,26.85,83
"474",2017-10-13 22:37:54,"781463DA0104F3E4",0,100,1,0,13,26.29,84
"475",2017-10-13 22:37:54,"781463DA0104F6A5",0,100,1,0,12,27.18,81
"476",2017-10-13 22:37:54,"781463DA0104F77D",0,100,1,0,8,26.71,83
"477",2017-10-13 22:37:54,"781463DA0149B1A1",0,100,1,0,18,28.63,77
"478",2017-10-13 22:37:55,"781463DA0149A472",0,100,1,0,19,27.18,83
"479",2017-10-13 22:37:55,"781463DA0149AF90",0,100,1,0,15,25.15,87
"480",2017-10-13 22:37:55,"781463DA0149AFDB",0,100,1,0,16,27.03,82
"481",2017-10-13 22:38:14,"781463DA0104F43D",0,100,1,0,12,27.6,82
"482",2017-10-13 22:38:30,"28C2DDDD415F",0,100,1,0,9,29.5,56
"483",2017-10-13 22:38:47,"28C2DDDD43FD",0,100,1,0,9,28.12,122
"484",2017-10-13 22:38:49,"28C2DDDD4579",0,100,1,0,8,28.12,133
"485",2017-10-13 22:38:51,"781463DA0149A515",0,100,1,0,24,25.97,87
"486",2017-10-13 22:39:00,"28C2DDDD45E0",0,100,1,0,1,33.25,76
"487",2017-10-13 22:39:03,"28C2DDDD436B",0,100,1,0,0,29.5,100
"488",2017-10-13 22:39:11,"781463DA014AABE1",0,100,1,0,17,27.23,84
"489",2017-10-13 22:39:17,"28C2DDDD4394",0,100,1,0,5,32,77
"490",2017-10-13 22:39:17,"781463DA0104F3EA",0,100,1,0,16,27.62,79
"491",2017-10-13 22:39:17,"781463DA0104F695",0,100,1,0,15,25.59,89
"492",2017-10-13 22:39:18,"781463DA0104F278",0,100,1,0,22,27.68,81
"493",2017-10-13 22:39:19,"28C2DDDD436E",0,100,1,0,3,29.37,90
"494",2017-10-13 22:39:19,"781463DA0149A786",0,100,1,0,22,26.12,87
"495",2017-10-13 22:39:20,"781463DA0149B1EF",0,100,1,0,14,25.94,86
"496",2017-10-13 22:39:23,"781463DA0149ABD3",0,100,1,0,0,26.05,61
"497",2017-10-13 22:39:24,"28C2DDDD4003",0,100,1,0,0,28.12,100
"498",2017-10-13 22:39:26,"781463DA0149B3AD",0,100,1,0,15,24.96,91
"499",2017-10-13 22:39:27,"781463DA0104F34A",0,100,1,0,12,27.58,82
"500",2017-10-13 22:39:27,"781463DA0149B1C4",0,100,1,0,18,26.31,84
"501",2017-10-13 22:39:28,"781463DA0104F4E6",0,100,1,0,2,24.73,74
"502",2017-10-13 22:39:28,"781463DA0104F566",0,100,1,0,7,26.39,85
"503",2017-10-13 22:39:28,"781463DA0149A7BC",0,100,1,0,10,26.29,86
"504",2017-10-13 22:39:29,"781463DA0149DBFF",0,100,1,0,11,25.5,89
"505",2017-10-13 22:39:30,"781463DA0104F689",0,100,1,0,10,27.46,81
"506",2017-10-13 22:39:32,"781463DA0149A177",0,100,1,0,10,26.08,87
"507",2017-10-13 22:39:33,"781463DA0104F797",0,100,1,0,12,26.84,82
"508",2017-10-13 22:39:34,"28C2DDDD400A",0,100,1,0,5,28.5,114
"509",2017-10-13 22:39:34,"28C2DDDD47C7",0,100,1,0,18,33.25,57
"510",2017-10-13 22:39:35,"28C2DDDD423C",0,100,1,0,0,29.12,112
"511",2017-10-13 22:39:36,"781463DA0104F6A9",0,100,1,0,12,26.52,84
"512",2017-10-13 22:39:37,"28C2DDDD3FE7",0,100,1,0,1,28.5,50
"513",2017-10-13 22:39:45,"28C2DDDD4246",0,100,1,0,1,30.37,100
"514",2017-10-13 22:39:48,"28C2DDDD4239",0,100,1,0,0,31.25,86
"515",2017-10-13 22:39:51,"781463DA0104F2C0",0,100,1,0,13,27.61,81
"516",2017-10-13 22:39:53,"781463DA0104F70A",0,100,1,0,8,27.56,82
"517",2017-10-13 22:39:58,"28C2DDDD47CB",0,100,1,0,19,32,100
"518",2017-10-13 22:40:04,"781463DA0104F417",0,100,1,0,12,26.32,86
"519",2017-10-13 22:40:06,"781463DA0149A43B",0,100,1,0,9,26.81,84
"520",2017-10-13 22:40:09,"28C2DDDD452E",0,100,1,0,4,27.62,100
"521",2017-10-13 22:40:09,"781463DA01499E91",0,100,1,0,13,27.25,83
"522",2017-10-13 22:40:11,"28C2DDDD4372",0,100,1,0,5,28,136
"523",2017-10-13 22:40:14,"781463DA0149ABAC",0,100,1,0,12,26.17,85
"524",2017-10-13 22:40:15,"781463DA0104F787",0,100,1,0,0,29.31,75
"525",2017-10-13 22:40:16,"781463DA0104F657",0,100,1,0,0,25.98,88
"526",2017-10-13 22:40:17,"781463DA0104F624",0,100,1,0,10,27.3,82
"527",2017-10-13 22:40:19,"781463DA0149B198",0,100,1,0,15,27.62,80
"528",2017-10-13 22:40:22,"781463DA0149AD11",0,100,1,0,13,28.8,77
"529",2017-10-13 22:40:25,"781463DA0104F38D",0,100,1,0,10,29.69,74
"530",2017-10-13 22:40:27,"781463DA0104F314",0,100,1,0,5,26.26,80
"531",2017-10-13 22:40:28,"28C2DDDD47CC",0,100,1,0,3,26.87,100
"532",2017-10-13 22:40:28,"781463DA0149A7F0",0,100,1,0,10,27.63,81
"533",2017-10-13 22:40:29,"781463DA0104F38E",0,100,1,0,34,27.26,82
"534",2017-10-13 22:40:33,"781463DA0149A78F",0,100,1,0,12,25.89,88
"535",2017-10-13 22:40:36,"781463DA0149A45F",0,100,1,0,6,24.47,91
"536",2017-10-13 22:40:41,"28C2DDDD4781",0,100,1,0,19,32.87,85
"537",2017-10-13 22:40:44,"781463DA0104F429",0,100,1,0,7,25.12,87
"538",2017-10-13 22:40:46,"781463DA0104F20E",0,100,1,0,22,28.94,77
"539",2017-10-13 22:40:55,"781463DA0104F3E4",0,100,1,0,18,26.35,84
"540",2017-10-13 22:40:55,"781463DA0104F620",0,100,1,0,17,26.39,84
"541",2017-10-13 22:40:55,"781463DA0104F6A5",0,100,1,0,12,27.16,81
"542",2017-10-13 22:40:55,"781463DA0104F77D",0,100,1,0,5,26.72,83
"543",2017-10-13 22:40:55,"781463DA014AA885",0,100,1,0,14,26.87,83
"544",2017-10-13 22:40:56,"28C2DDDD45AA",0,100,1,0,0,29.75,100
"545",2017-10-13 22:40:56,"781463DA0149A472",0,100,1,0,19,27.17,83
"546",2017-10-13 22:40:56,"781463DA0149AF90",0,100,1,0,14,25.16,87
"547",2017-10-13 22:40:56,"781463DA0149AFDB",0,100,1,0,19,27,83
"548",2017-10-13 22:40:56,"781463DA0149B1A1",0,100,1,0,18,28.63,76
"549",2017-10-13 22:41:02,"28C2DDDD423A",0,100,1,0,5,30.25,88
"550",2017-10-13 22:41:15,"781463DA0104F43D",0,100,1,0,12,27.61,82
"551",2017-10-13 22:41:34,"28C2DDDD4519",0,100,1,0,2,29,70
"552",2017-10-13 22:41:41,"28C2DDDD45E4",0,100,1,0,8,28.12,100
"553",2017-10-13 22:41:44,"28C2DDDD456A",0,100,1,0,6,27.75,100
"554",2017-10-13 22:42:06,"28C2DDDD459F",0,100,1,0,0,29.75,90
"555",2017-10-13 22:42:09,"781463DA014AA88F",0,100,1,0,5,30.29,72
"556",2017-10-13 22:42:12,"781463DA014AABE1",0,100,1,0,13,27.09,83
"557",2017-10-13 22:42:18,"781463DA0104F3EA",0,100,1,0,11,27.53,78
"558",2017-10-13 22:42:18,"781463DA0104F695",0,100,1,0,12,25.57,89
"559",2017-10-13 22:42:19,"781463DA0104F278",0,100,1,0,19,27.65,81
"560",2017-10-13 22:42:20,"781463DA0149A786",0,100,1,0,22,26.12,87
"561",2017-10-13 22:42:22,"781463DA0149B1EF",0,100,1,0,18,25.94,86
"562",2017-10-13 22:42:26,"781463DA0149B3AD",0,100,1,0,13,24.86,91
"563",2017-10-13 22:42:28,"781463DA0104F34A",0,100,1,0,18,27.52,82
"564",2017-10-13 22:42:28,"781463DA0149B1C4",0,100,1,0,14,26.34,84
"565",2017-10-13 22:42:29,"781463DA0104F4E6",0,100,1,0,2,24.78,74
"566",2017-10-13 22:42:30,"28C2DDDD4353",0,100,1,0,2,31.5,81
"567",2017-10-13 22:42:30,"781463DA0104F566",0,100,1,0,6,26.38,85
"568",2017-10-13 22:42:30,"781463DA0149A7BC",0,100,1,0,7,26.31,86
"569",2017-10-13 22:42:31,"781463DA0149A515",0,100,1,0,29,26,87
"570",2017-10-13 22:42:31,"781463DA0149DBFF",0,100,1,0,12,25.46,89
"571",2017-10-13 22:42:32,"781463DA0104F689",0,100,1,0,10,27.48,81
"572",2017-10-13 22:42:33,"781463DA0104F797",0,100,1,0,11,26.82,82
"573",2017-10-13 22:42:34,"781463DA0149A177",0,100,1,0,12,26.04,88
"574",2017-10-13 22:42:37,"781463DA0104F6A9",0,100,1,0,10,26.5,84
"575",2017-10-13 22:42:41,"781463DA014AA88F",0,100,1,0,7,30.29,72
"576",2017-10-13 22:42:52,"781463DA0104F2C0",0,100,1,0,13,27.64,81
"577",2017-10-13 22:43:00,"28C2DDDD45FC",0,100,1,0,2,29,100
"578",2017-10-13 22:43:04,"781463DA0104F70A",0,100,1,0,8,27.56,81
"579",2017-10-13 22:43:05,"781463DA0104F417",0,100,1,0,9,26.28,86
"580",2017-10-13 22:43:08,"781463DA0149A43B",0,100,1,0,9,26.78,84
"581",2017-10-13 22:43:10,"781463DA01499E91",0,100,1,0,16,27.29,83
"582",2017-10-13 22:43:11,"28C2DDDD4343",0,100,1,0,18,32.12,72
"583",2017-10-13 22:43:12,"781463DA014AA88F",0,100,1,0,6,30.31,72
"584",2017-10-13 22:43:14,"781463DA0149ABAC",0,100,1,0,15,26.21,85
"585",2017-10-13 22:43:17,"781463DA0104F657",0,100,1,0,0,25.96,88
"586",2017-10-13 22:43:18,"28C2DDDD47C0",0,100,1,0,18,33.5,66
"587",2017-10-13 22:43:18,"781463DA0104F624",0,100,1,0,10,27.32,82
"588",2017-10-13 22:43:20,"781463DA0149B198",0,100,1,0,17,27.62,80
"589",2017-10-13 22:43:23,"781463DA0149AD11",0,100,1,0,17,28.8,76
"590",2017-10-13 22:43:26,"781463DA0104F38D",0,100,1,0,7,29.68,74
"591",2017-10-13 22:43:28,"781463DA0104F314",0,100,1,0,6,26.26,80
"592",2017-10-13 22:43:28,"781463DA0149A7F0",0,100,1,0,10,27.6,81
"593",2017-10-13 22:43:30,"781463DA0104F38E",0,100,1,0,23,27.32,82
"594",2017-10-13 22:43:34,"781463DA0149A78F",0,100,1,0,18,25.84,89
"595",2017-10-13 22:43:35,"28C2DDDD458F",0,100,1,0,9,29,140
"596",2017-10-13 22:43:37,"781463DA0149A45F",0,100,1,0,3,24.47,91
"597",2017-10-13 22:43:39,"28C2DDDD4534",0,100,1,0,0,31.62,66
"598",2017-10-13 22:43:43,"781463DA014AA88F",0,100,1,0,6,30.26,72
"599",2017-10-13 22:43:47,"781463DA0104F20E",0,100,1,0,20,28.94,77
"600",2017-10-13 22:43:48,"781463DA0104F429",0,100,1,0,14,25.24,87
"601",2017-10-13 22:43:56,"781463DA0104F3E4",0,100,1,0,17,26.32,84
"602",2017-10-13 22:43:56,"781463DA0104F620",0,100,1,0,13,26.34,85
"603",2017-10-13 22:43:56,"781463DA014AA885",0,100,1,0,25,26.81,83
"604",2017-10-13 22:43:57,"781463DA0104F6A5",0,100,1,0,16,27.12,81
"605",2017-10-13 22:43:57,"781463DA0104F77D",0,100,1,0,10,26.68,84
"606",2017-10-13 22:43:57,"781463DA0149AFDB",0,100,1,0,21,27.01,83
"607",2017-10-13 22:43:58,"781463DA0149A472",0,100,1,0,13,27.21,83
"608",2017-10-13 22:43:58,"781463DA0149AF90",0,100,1,0,18,25.12,87
"609",2017-10-13 22:43:58,"781463DA0149B1A1",0,100,1,0,16,28.6,76
"610",2017-10-13 22:44:14,"781463DA014AA88F",0,100,1,0,6,30.31,72
"611",2017-10-13 22:44:16,"781463DA0104F43D",0,100,1,0,14,27.6,82
"612",2017-10-13 22:44:44,"28C2DDDD4579",0,100,1,0,4,28.12,133
"613",2017-10-13 22:44:55,"28C2DDDD45E0",0,100,1,0,2,33.37,75
"614",2017-10-13 22:45:13,"781463DA014AABE1",0,100,1,0,15,27.07,84
"615",2017-10-13 22:45:19,"781463DA0104F3EA",0,100,1,0,10,27.51,79
"616",2017-10-13 22:45:19,"781463DA0104F695",0,100,1,0,15,25.57,89
"617",2017-10-13 22:45:20,"781463DA0104F278",0,100,1,0,17,27.62,81
"618",2017-10-13 22:45:21,"781463DA0149A786",0,100,1,0,20,26.12,87
"619",2017-10-13 22:45:22,"781463DA0149B1EF",0,100,1,0,11,25.96,86
"620",2017-10-13 22:45:27,"781463DA0149B3AD",0,100,1,0,10,24.72,92
"621",2017-10-13 22:45:29,"28C2DDDD47C7",0,100,1,0,17,33.25,57
"622",2017-10-13 22:45:29,"781463DA0104F34A",0,100,1,0,17,27.54,82
"623",2017-10-13 22:45:29,"781463DA0149B1C4",0,100,1,0,3,26.38,84
"624",2017-10-13 22:45:31,"28C2DDDD423C",0,100,1,0,1,29.25,112
"625",2017-10-13 22:45:31,"781463DA0104F566",0,100,1,0,6,26.38,85
"626",2017-10-13 22:45:32,"781463DA0149A7BC",0,100,1,0,8,26.31,86
"627",2017-10-13 22:45:33,"781463DA0104F689",0,100,1,0,11,27.5,81
"628",2017-10-13 22:45:33,"781463DA0149DBFF",0,100,1,0,9,25.48,89
"629",2017-10-13 22:45:34,"781463DA0104F4E6",0,100,1,0,2,24.78,74
"630",2017-10-13 22:45:36,"781463DA0104F797",0,100,1,0,14,26.82,82
"631",2017-10-13 22:45:36,"781463DA0149A177",0,100,1,0,14,26,87
"632",2017-10-13 22:45:37,"781463DA0104F6A9",0,100,1,0,13,26.48,84
"633",2017-10-13 22:45:52,"28C2DDDD47E7",0,100,1,0,3,31,77
"634",2017-10-13 22:45:54,"781463DA0104F2C0",0,100,1,0,12,27.62,81
"635",2017-10-13 22:46:06,"781463DA0104F417",0,100,1,0,10,26.22,86
"636",2017-10-13 22:46:06,"781463DA0104F70A",0,100,1,0,10,27.57,82
"637",2017-10-13 22:46:10,"781463DA0149A43B",0,100,1,0,11,26.74,84
"638",2017-10-13 22:46:10,"781463DA0149A515",0,100,1,0,20,25.96,87
"639",2017-10-13 22:46:11,"781463DA01499E91",0,100,1,0,18,27.32,83
"640",2017-10-13 22:46:13,"28C2DDDD452E",0,100,1,0,5,27.75,100
"641",2017-10-13 22:46:15,"781463DA0149ABAC",0,100,1,0,14,26.24,85
"642",2017-10-13 22:46:18,"28C2DDDD4239",0,100,1,0,0,31.25,87
"643",2017-10-13 22:46:18,"781463DA0104F624",0,100,1,0,8,27.32,82
"644",2017-10-13 22:46:19,"781463DA0104F657",0,100,1,0,0,25.95,88
"645",2017-10-13 22:46:20,"781463DA0149B198",0,100,1,0,17,27.63,80
"646",2017-10-13 22:46:24,"781463DA0149AD11",0,100,1,0,18,28.67,77
"647",2017-10-13 22:46:27,"28C2DDDD434A",0,100,1,0,1,29.87,105
"648",2017-10-13 22:46:27,"781463DA0104F38D",0,100,1,0,9,29.67,74
"649",2017-10-13 22:46:29,"781463DA0104F314",0,100,1,0,6,26.21,80
"650",2017-10-13 22:46:29,"781463DA0149A7F0",0,100,1,0,11,27.57,81
"651",2017-10-13 22:46:31,"781463DA0104F38E",0,100,1,0,29,27.35,82
"652",2017-10-13 22:46:35,"781463DA0104F787",0,100,1,0,0,29.29,74
"653",2017-10-13 22:46:36,"28C2DDDD4781",0,100,1,0,20,32.87,85
"654",2017-10-13 22:46:36,"781463DA0149A78F",0,100,1,0,9,25.84,89
"655",2017-10-13 22:46:38,"781463DA0149A45F",0,100,1,0,5,24.5,91
"656",2017-10-13 22:46:42,"28C2DDDD47CB",0,100,1,0,28,32.12,100
"657",2017-10-13 22:46:48,"781463DA0104F20E",0,100,1,0,19,28.92,77
"658",2017-10-13 22:46:49,"781463DA0104F429",0,100,1,0,13,25.24,87
"659",2017-10-13 22:46:51,"28C2DDDD45AA",0,100,1,0,0,29.75,100
"660",2017-10-13 22:46:57,"781463DA0104F620",0,100,1,0,18,26.36,84
"661",2017-10-13 22:46:58,"781463DA0104F3E4",0,100,1,0,17,26.29,84
"662",2017-10-13 22:46:58,"781463DA0104F6A5",0,100,1,0,13,27.13,82
"663",2017-10-13 22:46:58,"781463DA0104F77D",0,100,1,0,7,26.66,84
"664",2017-10-13 22:46:58,"781463DA014AA885",0,100,1,0,18,26.82,83
"665",2017-10-13 22:46:59,"781463DA0149A472",0,100,1,0,19,27.2,83
"666",2017-10-13 22:46:59,"781463DA0149AFDB",0,100,1,0,18,27.03,83
"667",2017-10-13 22:46:59,"781463DA0149B1A1",0,100,1,0,20,28.6,76
"668",2017-10-13 22:47:00,"781463DA0149AF90",0,100,1,0,17,25.15,88
"669",2017-10-13 22:47:15,"781463DA014AA88F",0,100,1,0,6,30.32,72
"670",2017-10-13 22:47:16,"781463DA0104F43D",0,100,1,0,14,27.6,82
"671",2017-10-13 22:47:20,"28C2DDDD4377",0,100,1,0,3,28.75,124
"672",2017-10-13 22:47:23,"28C2DDDD4404",0,100,1,0,5,27.75,100
"673",2017-10-13 22:47:27,"28C2DDDD4582",0,100,1,0,5,27.12,100
"674",2017-10-13 22:47:28,"28C2DDDD4372",0,100,1,0,2,28,136
"675",2017-10-13 22:47:36,"28C2DDDD47DB",0,100,1,0,5,27.75,100
"676",2017-10-13 22:48:00,"28C2DDDD459F",0,100,1,0,1,29.87,90
"677",2017-10-13 22:48:14,"781463DA014AABE1",0,100,1,0,13,27.1,84
"678",2017-10-13 22:48:15,"28C2DDDD47D6",0,100,1,0,22,36.25,49
"679",2017-10-13 22:48:20,"781463DA0104F3EA",0,100,1,0,6,27.55,78
"680",2017-10-13 22:48:20,"781463DA0104F695",0,100,1,0,12,25.5,89
"681",2017-10-13 22:48:21,"781463DA0104F278",0,100,1,0,20,27.61,81
"682",2017-10-13 22:48:21,"781463DA0149A786",0,100,1,0,18,26.16,87
"683",2017-10-13 22:48:23,"781463DA0149B1EF",0,100,1,0,13,26,86
"684",2017-10-13 22:48:28,"781463DA0149B3AD",0,100,1,0,9,24.78,92
"685",2017-10-13 22:48:30,"781463DA0104F34A",0,100,1,0,17,27.55,82
"686",2017-10-13 22:48:30,"781463DA0149B1C4",0,100,1,0,9,26.46,84
"687",2017-10-13 22:48:32,"781463DA0104F566",0,100,1,0,4,26.39,86
"688",2017-10-13 22:48:33,"781463DA0149A7BC",0,100,1,0,8,26.26,86
"689",2017-10-13 22:48:34,"781463DA0104F689",0,100,1,0,9,27.47,81
"690",2017-10-13 22:48:35,"781463DA0149DBFF",0,100,1,0,10,25.49,89
"691",2017-10-13 22:48:36,"28C2DDDD457E",0,100,1,0,3,28.87,100
"692",2017-10-13 22:48:38,"781463DA0104F4E6",0,100,1,0,2,24.81,74
"693",2017-10-13 22:48:38,"781463DA0104F6A9",0,100,1,0,12,26.5,85
"694",2017-10-13 22:48:38,"781463DA0104F797",0,100,1,0,12,26.76,82
"695",2017-10-13 22:48:38,"781463DA0149A177",0,100,1,0,12,25.95,88
"696",2017-10-13 22:48:48,"28C2DDDD47C6",0,100,1,0,4,27,138
"697",2017-10-13 22:48:54,"781463DA0104F2C0",0,100,1,0,14,27.59,81
"698",2017-10-13 22:48:55,"28C2DDDD45FC",0,100,1,0,1,29,100
"699",2017-10-13 22:48:58,"28C2DDDD45E6",0,100,1,0,2,32.5,76
"700",2017-10-13 22:49:05,"28C2DDDD4343",0,100,1,0,18,32.12,72
"701",2017-10-13 22:49:07,"781463DA0104F417",0,100,1,0,12,26.17,86
"702",2017-10-13 22:49:08,"781463DA0104F70A",0,100,1,0,12,27.56,82
"703",2017-10-13 22:49:12,"781463DA01499E91",0,100,1,0,17,27.33,83
"704",2017-10-13 22:49:12,"781463DA0149A43B",0,100,1,0,8,26.7,84
"705",2017-10-13 22:49:16,"781463DA0149ABAC",0,100,1,0,20,26.24,85
"706",2017-10-13 22:49:20,"781463DA0104F657",0,100,1,0,0,25.95,88
"707",2017-10-13 22:49:21,"781463DA0149B198",0,100,1,0,15,27.59,80
"708",2017-10-13 22:49:24,"781463DA0149AD11",0,100,1,0,18,28.57,77
"709",2017-10-13 22:49:29,"781463DA0104F314",0,100,1,0,5,26.18,80
"710",2017-10-13 22:49:30,"781463DA0149A7F0",0,100,1,0,11,27.55,81
"711",2017-10-13 22:49:31,"781463DA0104F38D",0,100,1,0,10,29.67,74
"712",2017-10-13 22:49:32,"781463DA0104F38E",0,100,1,0,26,27.35,82
"713",2017-10-13 22:49:36,"781463DA0104F787",0,100,1,0,0,29.32,74
"714",2017-10-13 22:49:37,"781463DA0149A78F",0,100,1,0,16,25.85,89
"715",2017-10-13 22:49:39,"781463DA0149A45F",0,100,1,0,4,24.53,90
"716",2017-10-13 22:49:49,"781463DA0104F20E",0,100,1,0,15,28.94,77
"717",2017-10-13 22:49:50,"781463DA0149A515",0,100,1,0,23,25.89,87
"718",2017-10-13 22:49:54,"781463DA0104F429",0,100,1,0,14,25.22,87
"719",2017-10-13 22:49:57,"781463DA0104F620",0,100,1,0,16,26.36,84
"720",2017-10-13 22:49:59,"781463DA0104F3E4",0,100,1,0,20,26.21,84
"721",2017-10-13 22:49:59,"781463DA0104F77D",0,100,1,0,8,26.66,84
"722",2017-10-13 22:49:59,"781463DA014AA885",0,100,1,0,24,26.8,83
"723",2017-10-13 22:50:00,"781463DA0104F6A5",0,100,1,0,12,27.1,81
"724",2017-10-13 22:50:00,"781463DA0149A472",0,100,1,0,18,27.18,83
"725",2017-10-13 22:50:00,"781463DA0149AFDB",0,100,1,0,22,27.06,83
"726",2017-10-13 22:50:00,"781463DA0149B1A1",0,100,1,0,17,28.57,77
"727",2017-10-13 22:50:01,"781463DA0149AF90",0,100,1,0,15,25.14,87
"728",2017-10-13 22:50:16,"781463DA014AA88F",0,100,1,0,8,30.29,72
"729",2017-10-13 22:50:17,"781463DA0104F43D",0,100,1,0,11,27.61,82
"730",2017-10-13 22:50:46,"28C2DDDD4229",0,100,1,0,2,28.62,100
"731",2017-10-13 22:50:52,"28C2DDDD436B",0,100,1,0,0,29.62,100
"732",2017-10-13 22:51:09,"28C2DDDD436E",0,100,1,0,3,29.5,90
"733",2017-10-13 22:51:15,"781463DA014AABE1",0,100,1,0,16,27.13,84
"734",2017-10-13 22:51:20,"781463DA0104F3EA",0,100,1,0,16,27.61,79
"735",2017-10-13 22:51:20,"781463DA0104F695",0,100,1,0,14,25.41,90
"736",2017-10-13 22:51:22,"781463DA0104F278",0,100,1,0,20,27.65,81
"737",2017-10-13 22:51:22,"781463DA0149A786",0,100,1,0,19,26.16,87
"738",2017-10-13 22:51:24,"781463DA0149B1EF",0,100,1,0,13,25.97,86
"739",2017-10-13 22:51:29,"781463DA0149B3AD",0,100,1,0,8,24.81,92
"740",2017-10-13 22:51:31,"781463DA0149B1C4",0,100,1,0,9,26.5,84
"741",2017-10-13 22:51:32,"781463DA0104F34A",0,100,1,0,20,27.52,82
"742",2017-10-13 22:51:34,"781463DA0104F566",0,100,1,0,5,26.41,86
"743",2017-10-13 22:51:35,"781463DA0149A7BC",0,100,1,0,5,26.28,86
"744",2017-10-13 22:51:36,"781463DA0104F689",0,100,1,0,10,27.48,81
"745",2017-10-13 22:51:37,"781463DA0149DBFF",0,100,1,0,10,25.44,89
"746",2017-10-13 22:51:39,"781463DA0104F4E6",0,100,1,0,2,24.75,74
"747",2017-10-13 22:51:39,"781463DA0104F6A9",0,100,1,0,9,26.47,85
"748",2017-10-13 22:51:39,"781463DA0104F797",0,100,1,0,10,26.75,82
"749",2017-10-13 22:51:39,"781463DA0149A177",0,100,1,0,11,25.97,88
"750",2017-10-13 22:51:56,"781463DA0104F2C0",0,100,1,0,13,27.61,81
"751",2017-10-13 22:52:08,"781463DA0104F417",0,100,1,0,11,26.11,87
"752",2017-10-13 22:52:10,"781463DA0104F70A",0,100,1,0,12,27.56,82
"753",2017-10-13 22:52:13,"781463DA0149A43B",0,100,1,0,9,26.67,84
"754",2017-10-13 22:52:14,"781463DA01499E91",0,100,1,0,24,27.28,82
"755",2017-10-13 22:52:22,"781463DA0104F657",0,100,1,0,0,25.96,88
"756",2017-10-13 22:52:22,"781463DA0149B198",0,100,1,0,13,27.57,80
"757",2017-10-13 22:52:25,"781463DA0149AD11",0,100,1,0,15,28.46,77
"758",2017-10-13 22:52:30,"28C2DDDD4781",0,100,1,0,22,33,85
"759",2017-10-13 22:52:30,"781463DA0104F314",0,100,1,0,5,26.15,80
"760",2017-10-13 22:52:30,"781463DA0149A7F0",0,100,1,0,12,27.57,81
"761",2017-10-13 22:52:32,"781463DA0104F38D",0,100,1,0,9,29.65,74
"762",2017-10-13 22:52:33,"781463DA0104F38E",0,100,1,0,20,27.36,81
"763",2017-10-13 22:52:37,"781463DA0104F787",0,100,1,0,0,29.31,73
"764",2017-10-13 22:52:41,"781463DA0149A78F",0,100,1,0,10,25.79,89
"765",2017-10-13 22:52:42,"781463DA0149A45F",0,100,1,0,5,24.53,90
"766",2017-10-13 22:52:49,"781463DA0104F20E",0,100,1,0,18,28.92,77
"767",2017-10-13 22:52:55,"781463DA0104F429",0,100,1,0,7,25.21,87
"768",2017-10-13 22:52:58,"781463DA0104F620",0,100,1,0,11,26.35,84
"769",2017-10-13 22:53:00,"781463DA0104F3E4",0,100,1,0,16,26.18,84
"770",2017-10-13 22:53:00,"781463DA014AA885",0,100,1,0,15,26.81,83
"771",2017-10-13 22:53:01,"781463DA0104F6A5",0,100,1,0,12,27.1,82
"772",2017-10-13 22:53:02,"781463DA0149A472",0,100,1,0,18,27.13,83
"773",2017-10-13 22:53:02,"781463DA0149AF90",0,100,1,0,14,25.08,87
"774",2017-10-13 22:53:02,"781463DA0149AFDB",0,100,1,0,13,27.06,83
"775",2017-10-13 22:53:02,"781463DA0149B1A1",0,100,1,0,16,28.6,77
"776",2017-10-13 22:53:04,"781463DA0104F77D",0,100,1,0,9,26.65,84
"777",2017-10-13 22:53:07,"28C2DDDD4363",0,100,1,0,2,33.62,73
"778",2017-10-13 22:53:16,"28C2DDDD43FD",0,100,1,0,6,28.37,122
"779",2017-10-13 22:53:17,"781463DA0104F43D",0,100,1,0,10,27.61,82
"780",2017-10-13 22:53:17,"781463DA014AA88F",0,100,1,0,3,30.32,72
"781",2017-10-13 22:53:18,"28C2DDDD4159",0,100,1,0,0,29.12,91
"782",2017-10-13 22:53:24,"28C2DDDD47CB",0,100,1,0,23,32.12,100
"783",2017-10-13 22:53:26,"28C2DDDD4519",0,100,1,0,0,29,70
"784",2017-10-13 22:53:29,"781463DA0149A515",0,100,1,0,22,25.85,88
"785",2017-10-13 22:53:43,"28C2DDDD44AA",0,100,1,0,9,31,100
"786",2017-10-13 22:53:48,"28C2DDDD43F8",0,100,1,0,11,28.75,129
"787",2017-10-13 22:53:52,"28C2DDDD4180",0,100,1,0,3,28.12,96
"788",2017-10-13 22:53:57,"28C2DDDD4367",0,100,1,0,2,28.62,148
"789",2017-10-13 22:54:06,"28C2DDDD45E2",0,100,1,0,30,31.75,87
"790",2017-10-13 22:54:10,"28C2DDDD423E",0,100,1,0,3,28.25,134
"791",2017-10-13 22:54:10,"28C2DDDD47D6",0,100,1,0,19,36.12,49
"792",2017-10-13 22:54:16,"781463DA014AABE1",0,100,1,0,14,27.17,84
"793",2017-10-13 22:54:17,"28C2DDDD4305",0,100,1,0,3,29.87,100
"794",2017-10-13 22:54:21,"781463DA0104F695",0,100,1,0,11,25.34,90
"795",2017-10-13 22:54:22,"28C2DDDD4353",0,100,1,0,1,31.62,81
"796",2017-10-13 22:54:23,"781463DA0104F278",0,100,1,0,14,27.62,81
"797",2017-10-13 22:54:23,"781463DA0149A786",0,100,1,0,14,26.16,87
"798",2017-10-13 22:54:24,"781463DA0104F3EA",0,100,1,0,8,27.51,79
"799",2017-10-13 22:54:25,"781463DA0149B1EF",0,100,1,0,15,25.99,86
"800",2017-10-13 22:54:30,"781463DA0149B3AD",0,100,1,0,7,24.83,92
"801",2017-10-13 22:54:32,"781463DA0149B1C4",0,100,1,0,17,26.5,84
"802",2017-10-13 22:54:33,"781463DA0104F34A",0,100,1,0,21,27.51,82
"803",2017-10-13 22:54:34,"781463DA0104F566",0,100,1,0,8,26.42,86
"804",2017-10-13 22:54:36,"781463DA0149A7BC",0,100,1,0,6,26.26,86
"805",2017-10-13 22:54:37,"781463DA0104F689",0,100,1,0,9,27.47,81
"806",2017-10-13 22:54:39,"781463DA0149DBFF",0,100,1,0,11,25.38,89
"807",2017-10-13 22:54:41,"781463DA0104F4E6",0,100,1,0,4,24.73,74
"808",2017-10-13 22:54:41,"781463DA0104F797",0,100,1,0,9,26.75,83
"809",2017-10-13 22:54:41,"781463DA0149A177",0,100,1,0,10,26.05,88
"810",2017-10-13 22:54:57,"781463DA0104F2C0",0,100,1,0,14,27.58,81
"811",2017-10-13 22:54:59,"28C2DDDD4343",0,100,1,0,17,32.12,73
"812",2017-10-13 22:55:02,"28C2DDDD4357",0,100,1,0,0,28.5,117
"813",2017-10-13 22:55:09,"781463DA0104F417",0,100,1,0,10,26.1,87
"814",2017-10-13 22:55:11,"781463DA0104F70A",0,100,1,0,12,27.53,82
"815",2017-10-13 22:55:15,"781463DA01499E91",0,100,1,0,20,27.17,82
"816",2017-10-13 22:55:15,"781463DA0149A43B",0,100,1,0,12,26.68,84
"817",2017-10-13 22:55:23,"781463DA0104F657",0,100,1,0,0,25.94,88
"818",2017-10-13 22:55:23,"781463DA0149B198",0,100,1,0,15,27.57,80
"819",2017-10-13 22:55:26,"781463DA0149AD11",0,100,1,0,15,28.4,77
"820",2017-10-13 22:55:31,"781463DA0104F314",0,100,1,0,8,26.14,80
"821",2017-10-13 22:55:31,"781463DA0149A7F0",0,100,1,0,10,27.54,81
"822",2017-10-13 22:55:32,"781463DA0104F38D",0,100,1,0,5,29.69,74
"823",2017-10-13 22:55:33,"781463DA0104F38E",0,100,1,0,20,27.36,82
"824",2017-10-13 22:55:34,"28C2DDDD4233",0,100,1,0,0,28.25,151
"825",2017-10-13 22:55:36,"781463DA0149ABAC",0,100,1,0,22,26.17,85
"826",2017-10-13 22:55:40,"28C2DDDD457E",0,100,1,0,3,28.87,100
"827",2017-10-13 22:55:42,"781463DA0149A78F",0,100,1,0,13,25.82,89
"828",2017-10-13 22:55:43,"781463DA0149A45F",0,100,1,0,4,24.53,90
"829",2017-10-13 22:55:46,"28C2DDDD4331",0,100,1,0,71,34.37,78
"830",2017-10-13 22:55:57,"781463DA0104F787",0,100,1,0,0,29.32,73
"831",2017-10-13 22:55:58,"781463DA0104F20E",0,100,1,0,14,28.94,77
"832",2017-10-13 22:55:58,"781463DA0104F429",0,100,1,0,8,25.21,87
"833",2017-10-13 22:55:59,"781463DA0104F620",0,100,1,0,22,26.34,84
"834",2017-10-13 22:56:01,"781463DA0104F3E4",0,100,1,0,17,26.24,84
"835",2017-10-13 22:56:01,"781463DA014AA885",0,100,1,0,17,26.75,83
"836",2017-10-13 22:56:02,"781463DA0104F6A5",0,100,1,0,14,27.12,81
"837",2017-10-13 22:56:03,"781463DA0149A472",0,100,1,0,17,27.13,83
"838",2017-10-13 22:56:03,"781463DA0149B1A1",0,100,1,0,16,28.56,77
"839",2017-10-13 22:56:04,"781463DA0149AF90",0,100,1,0,17,25.05,88
"840",2017-10-13 22:56:04,"781463DA0149AFDB",0,100,1,0,17,27.09,83
"841",2017-10-13 22:56:05,"781463DA0104F77D",0,100,1,0,8,26.63,84
"842",2017-10-13 22:56:08,"28C2DDDD4568",0,100,1,0,1,28.87,100
"843",2017-10-13 22:56:17,"28C2DDDD415F",0,100,1,0,9,29.5,55
"844",2017-10-13 22:56:18,"781463DA014AA88F",0,100,1,0,3,30.32,72
"845",2017-10-13 22:56:20,"781463DA0104F43D",0,100,1,0,12,27.6,82
"846",2017-10-13 22:56:35,"28C2DDDD43FC",0,100,1,0,2,28.25,146
"847",2017-10-13 22:56:50,"28C2DDDD4360",0,100,1,0,1,29.12,100
"848",2017-10-13 22:56:58,"28C2DDDD4394",0,100,1,0,4,32,77
"849",2017-10-13 22:57:08,"781463DA0149A515",0,100,1,0,24,25.86,88
"850",2017-10-13 22:57:18,"781463DA014AABE1",0,100,1,0,15,27.16,84
"851",2017-10-13 22:57:20,"28C2DDDD423C",0,100,1,0,0,29.25,112
"852",2017-10-13 22:57:21,"781463DA0104F695",0,100,1,0,16,25.29,90
"853",2017-10-13 22:57:24,"781463DA0104F278",0,100,1,0,17,27.63,81
"854",2017-10-13 22:57:24,"781463DA0104F3EA",0,100,1,0,5,27.53,78
"855",2017-10-13 22:57:25,"781463DA0149A786",0,100,1,0,20,26.15,87
"856",2017-10-13 22:57:26,"781463DA0149B1EF",0,100,1,0,16,25.96,86
"857",2017-10-13 22:57:31,"781463DA0149B3AD",0,100,1,0,8,24.85,92
"858",2017-10-13 22:57:33,"781463DA0149B1C4",0,100,1,0,10,26.51,84
"859",2017-10-13 22:57:34,"781463DA0104F34A",0,100,1,0,19,27.37,82
"860",2017-10-13 22:57:36,"781463DA0104F566",0,100,1,0,6,26.41,86
"861",2017-10-13 22:57:37,"781463DA0149A7BC",0,100,1,0,5,26.29,86
"862",2017-10-13 22:57:38,"781463DA0104F689",0,100,1,0,8,27.46,81
"863",2017-10-13 22:57:40,"781463DA0149DBFF",0,100,1,0,9,25.41,89
"864",2017-10-13 22:57:42,"781463DA0104F4E6",0,100,1,0,1,24.55,74
"865",2017-10-13 22:57:43,"781463DA0104F797",0,100,1,0,11,26.7,83
"866",2017-10-13 22:57:45,"781463DA0149A177",0,100,1,0,11,26.08,87
"867",2017-10-13 22:58:04,"781463DA0104F2C0",0,100,1,0,12,27.58,81
"868",2017-10-13 22:58:11,"28C2DDDD47CC",0,100,1,0,1,27.5,100
"869",2017-10-13 22:58:13,"28C2DDDD47A8",0,100,1,0,5,27.37,100
"870",2017-10-13 22:58:13,"781463DA0104F417",0,100,1,0,13,26.05,87
"871",2017-10-13 22:58:13,"781463DA0104F70A",0,100,1,0,10,27.52,82
"872",2017-10-13 22:58:16,"781463DA01499E91",0,100,1,0,19,27.18,83
"873",2017-10-13 22:58:16,"781463DA0149A43B",0,100,1,0,10,26.67,84
"874",2017-10-13 22:58:23,"781463DA0149B198",0,100,1,0,12,27.55,80
"875",2017-10-13 22:58:24,"28C2DDDD3FFA",0,100,1,0,4,27.87,100
"876",2017-10-13 22:58:26,"781463DA0104F657",0,100,1,0,0,25.89,87
"877",2017-10-13 22:58:27,"781463DA0149AD11",0,100,1,0,15,28.45,78
"878",2017-10-13 22:58:32,"781463DA0104F314",0,100,1,0,12,26.12,80
"879",2017-10-13 22:58:32,"781463DA0149A7F0",0,100,1,0,11,27.51,81
"880",2017-10-13 22:58:34,"781463DA0104F38D",0,100,1,0,7,29.67,75
"881",2017-10-13 22:58:34,"781463DA0104F38E",0,100,1,0,27,27.32,82
"882",2017-10-13 22:58:37,"781463DA0149ABAC",0,100,1,0,17,26.14,86
"883",2017-10-13 22:58:43,"781463DA0149A78F",0,100,1,0,14,25.84,89
"884",2017-10-13 22:58:44,"781463DA0149A45F",0,100,1,0,6,24.5,90
"885",2017-10-13 22:58:58,"781463DA0104F20E",0,100,1,0,20,28.89,77
"886",2017-10-13 22:58:59,"781463DA0104F620",0,100,1,0,20,26.29,85
"887",2017-10-13 22:59:00,"781463DA0104F429",0,100,1,0,5,25.29,87
"888",2017-10-13 22:59:00,"781463DA0104F787",0,100,1,0,0,29.35,73
"889",2017-10-13 22:59:01,"28C2DDDD4363",0,100,1,0,1,33.87,72
"890",2017-10-13 22:59:02,"781463DA0104F3E4",0,100,1,0,19,26.39,84
"891",2017-10-13 22:59:02,"781463DA014AA885",0,100,1,0,17,26.78,83
"892",2017-10-13 22:59:04,"781463DA0104F6A5",0,100,1,0,12,27.09,82
"893",2017-10-13 22:59:04,"781463DA0149B1A1",0,100,1,0,18,28.6,77
"894",2017-10-13 22:59:05,"781463DA0149A472",0,100,1,0,22,27.11,83
"895",2017-10-13 22:59:05,"781463DA0149AF90",0,100,1,0,16,25.05,88
"896",2017-10-13 22:59:05,"781463DA0149AFDB",0,100,1,0,18,27.07,83
"897",2017-10-13 22:59:07,"781463DA0104F77D",0,100,1,0,7,26.63,84
"898",2017-10-13 22:59:17,"28C2DDDD4599",0,100,1,0,8,28.5,100
"899",2017-10-13 22:59:20,"781463DA014AA88F",0,100,1,0,3,30.31,72
"900",2017-10-13 22:59:21,"781463DA0104F43D",0,100,1,0,11,27.58,82
"901",2017-10-13 23:00:00,"28C2DDDD45E2",0,100,1,0,28,31.62,87
"902",2017-10-13 23:00:18,"781463DA014AABE1",0,100,1,0,15,27.21,84
"903",2017-10-13 23:00:22,"28C2DDDD4797",0,100,1,0,24,32,86
"904",2017-10-13 23:00:22,"781463DA0104F695",0,100,1,0,15,25.29,90
"905",2017-10-13 23:00:25,"781463DA0104F278",0,100,1,0,19,27.56,81
"906",2017-10-13 23:00:26,"781463DA0104F3EA",0,100,1,0,15,27.59,79
"907",2017-10-13 23:00:26,"781463DA0149A786",0,100,1,0,17,26.12,87
"908",2017-10-13 23:00:27,"781463DA0149B1EF",0,100,1,0,13,25.93,86
"909",2017-10-13 23:00:32,"28C2DDDD423E",0,100,1,0,4,28.12,134
"910",2017-10-13 23:00:32,"781463DA0149B3AD",0,100,1,0,9,24.91,92
"911",2017-10-13 23:00:34,"781463DA0149B1C4",0,100,1,0,18,26.51,84
"912",2017-10-13 23:00:36,"781463DA0104F34A",0,100,1,0,19,27.3,83
"913",2017-10-13 23:00:37,"781463DA0104F566",0,100,1,0,5,26.39,86
"914",2017-10-13 23:00:39,"781463DA0104F689",0,100,1,0,8,27.47,81
"915",2017-10-13 23:00:39,"781463DA0149A7BC",0,100,1,0,6,26.28,86
"916",2017-10-13 23:00:42,"781463DA0149DBFF",0,100,1,0,9,25.42,89
"917",2017-10-13 23:00:43,"781463DA0104F4E6",0,100,1,0,0,24.59,74
"918",2017-10-13 23:00:44,"28C2DDDD4404",0,100,1,0,4,27.87,100
"919",2017-10-13 23:00:45,"781463DA0104F797",0,100,1,0,12,26.69,83
"920",2017-10-13 23:00:47,"781463DA0149A177",0,100,1,0,8,26.09,87
"921",2017-10-13 23:00:47,"781463DA0149A515",0,100,1,0,24,25.85,87
"922",2017-10-13 23:00:59,"28C2DDDD40E0",0,100,1,0,18,31.37,82
"923",2017-10-13 23:01:05,"28C2DDDD47C5",0,100,1,0,3,34,87
"924",2017-10-13 23:01:11,"781463DA0104F2C0",0,100,1,0,13,27.5,81
"925",2017-10-13 23:01:16,"781463DA0104F417",0,100,1,0,11,26.08,87
"926",2017-10-13 23:01:17,"781463DA0104F70A",0,100,1,0,12,27.52,82
"927",2017-10-13 23:01:17,"781463DA01499E91",0,100,1,0,18,27.24,83
"928",2017-10-13 23:01:17,"781463DA0149A43B",0,100,1,0,9,26.67,84
"929",2017-10-13 23:01:18,"28C2DDDD40FD",0,100,1,0,3,29.25,99
"930",2017-10-13 23:01:21,"28C2DDDD4534",0,100,1,0,1,31.75,67
"931",2017-10-13 23:01:24,"28C2DDDD458F",0,100,1,0,8,28.87,140
"932",2017-10-13 23:01:24,"781463DA0149B198",0,100,1,0,14,27.53,80
"933",2017-10-13 23:01:27,"781463DA0104F657",0,100,1,0,0,25.92,88
"934",2017-10-13 23:01:28,"781463DA0149AD11",0,100,1,0,14,28.56,78
"935",2017-10-13 23:01:33,"781463DA0104F314",0,100,1,0,11,26.11,80
"936",2017-10-13 23:01:33,"781463DA0149A7F0",0,100,1,0,11,27.5,81
"937",2017-10-13 23:01:35,"781463DA0104F38E",0,100,1,0,27,27.15,82
"938",2017-10-13 23:01:36,"781463DA0104F38D",0,100,1,0,10,29.68,74
"939",2017-10-13 23:01:41,"28C2DDDD4331",0,100,1,0,73,34.37,78
"940",2017-10-13 23:01:41,"781463DA0149ABAC",0,100,1,0,20,26.11,86
"941",2017-10-13 23:01:45,"781463DA0149A45F",0,100,1,0,6,24.45,90
"942",2017-10-13 23:01:45,"781463DA0149A78F",0,100,1,0,13,25.74,89
"943",2017-10-13 23:01:59,"781463DA0104F20E",0,100,1,0,19,28.87,77
"944",2017-10-13 23:02:00,"781463DA0104F620",0,100,1,0,19,26.28,85
"945",2017-10-13 23:02:01,"781463DA0104F429",0,100,1,0,6,25.35,87
"946",2017-10-13 23:02:01,"781463DA0104F787",0,100,1,0,0,29.36,73
"947",2017-10-13 23:02:03,"28C2DDDD4372",0,100,1,0,6,28,136
"948",2017-10-13 23:02:03,"28C2DDDD4568",0,100,1,0,3,28.87,100
"949",2017-10-13 23:02:04,"781463DA0104F3E4",0,100,1,0,17,26.56,83
"950",2017-10-13 23:02:04,"781463DA014AA885",0,100,1,0,22,26.82,83
"951",2017-10-13 23:02:05,"781463DA0104F6A5",0,100,1,0,15,27.1,82
"952",2017-10-13 23:02:06,"781463DA0149A472",0,100,1,0,19,27.1,83
"953",2017-10-13 23:02:06,"781463DA0149AF90",0,100,1,0,15,25.07,88
"954",2017-10-13 23:02:06,"781463DA0149B1A1",0,100,1,0,17,28.59,77
"955",2017-10-13 23:02:07,"781463DA0149AFDB",0,100,1,0,15,27.11,83
"956",2017-10-13 23:02:08,"781463DA0104F624",0,100,1,0,5,27.25,82
"957",2017-10-13 23:02:08,"781463DA0104F77D",0,100,1,0,8,26.63,84
"958",2017-10-13 23:02:21,"781463DA014AA88F",0,100,1,0,4,30.32,72
"959",2017-10-13 23:02:22,"781463DA0104F43D",0,100,1,0,12,27.55,82
"960",2017-10-13 23:02:25,"28C2DDDD4566",0,100,1,0,2,28,100
"961",2017-10-13 23:02:39,"781463DA0104F624",0,100,1,0,4,27.23,82
"962",2017-10-13 23:02:53,"28C2DDDD4394",0,100,1,0,4,32,77
"963",2017-10-13 23:03:10,"781463DA0104F624",0,100,1,0,3,27.22,82
"964",2017-10-13 23:03:19,"781463DA014AABE1",0,100,1,0,13,27.3,84
"965",2017-10-13 23:03:23,"781463DA0104F695",0,100,1,0,11,25.29,90
"966",2017-10-13 23:03:26,"781463DA0104F278",0,100,1,0,15,27.56,81
"967",2017-10-13 23:03:27,"781463DA0104F3EA",0,100,1,0,4,27.53,79
"968",2017-10-13 23:03:27,"781463DA0149A786",0,100,1,0,18,26.12,87
"969",2017-10-13 23:03:28,"781463DA0149B1EF",0,100,1,0,14,25.97,86
"970",2017-10-13 23:03:32,"781463DA0149B3AD",0,100,1,0,10,24.92,92
"971",2017-10-13 23:03:35,"781463DA0149B1C4",0,100,1,0,27,26.46,84
"972",2017-10-13 23:03:37,"28C2DDDD4583",0,100,1,0,1,32.12,79
"973",2017-10-13 23:03:38,"781463DA0104F34A",0,100,1,0,24,27.28,83
"974",2017-10-13 23:03:38,"781463DA0104F566",0,100,1,0,8,26.38,86
"975",2017-10-13 23:03:39,"28C2DDDD47AD",0,100,1,0,25,31.37,90
"976",2017-10-13 23:03:40,"781463DA0149A7BC",0,100,1,0,6,26.28,86
"977",2017-10-13 23:03:41,"781463DA0104F624",0,100,1,0,4,27.21,82
"978",2017-10-13 23:03:41,"781463DA0104F689",0,100,1,0,11,27.46,81
"979",2017-10-13 23:03:43,"781463DA0149DBFF",0,100,1,0,10,25.4,89
"980",2017-10-13 23:03:45,"781463DA0104F4E6",0,100,1,0,1,24.63,75
"981",2017-10-13 23:03:46,"781463DA0104F797",0,100,1,0,10,26.69,83
"982",2017-10-13 23:03:47,"781463DA0149A177",0,100,1,0,10,26.12,87
"983",2017-10-13 23:03:56,"28C2DDDD4423",0,100,1,0,6,27.62,99
"984",2017-10-13 23:04:12,"781463DA0104F2C0",0,100,1,0,12,27.55,81
"985",2017-10-13 23:04:13,"28C2DDDD479F",0,100,1,0,14,34.12,75
"986",2017-10-13 23:04:17,"781463DA0104F417",0,100,1,0,9,26.1,87
"987",2017-10-13 23:04:17,"781463DA01499E91",0,100,1,0,11,27.28,83
"988",2017-10-13 23:04:19,"781463DA0104F70A",0,100,1,0,9,27.53,82
"989",2017-10-13 23:04:19,"781463DA0149A43B",0,100,1,0,7,26.63,84
"990",2017-10-13 23:04:25,"781463DA0149B198",0,100,1,0,15,27.53,80
"991",2017-10-13 23:04:26,"781463DA0149A515",0,100,1,0,15,25.85,88
"992",2017-10-13 23:04:29,"781463DA0149AD11",0,100,1,0,13,28.59,78
"993",2017-10-13 23:04:31,"781463DA0104F657",0,100,1,0,0,25.94,88
"994",2017-10-13 23:04:33,"781463DA0149A7F0",0,100,1,0,13,27.5,81
"995",2017-10-13 23:04:34,"781463DA0104F314",0,100,1,0,14,26.08,80
"996",2017-10-13 23:04:36,"781463DA0104F38D",0,100,1,0,7,29.68,74
"997",2017-10-13 23:04:36,"781463DA0104F38E",0,100,1,0,23,27.15,82
"998",2017-10-13 23:04:43,"781463DA0149ABAC",0,100,1,0,18,26.06,86
"999",2017-10-13 23:04:46,"781463DA0149A45F",0,100,1,0,9,24.43,91
"1000",2017-10-13 23:04:46,"781463DA0149A78F",0,100,1,0,14,25.81,89
"1001",2017-10-13 23:05:00,"781463DA0104F20E",0,100,1,0,20,28.85,78
"1002",2017-10-13 23:05:01,"781463DA0104F620",0,100,1,0,17,26.32,85
"1003",2017-10-13 23:05:01,"781463DA0104F624",0,100,1,0,5,27.21,82
"1004",2017-10-13 23:05:05,"781463DA0104F3E4",0,100,1,0,18,26.73,83
"1005",2017-10-13 23:05:05,"781463DA0104F429",0,100,1,0,7,25.4,87
"1006",2017-10-13 23:05:05,"781463DA0104F787",0,100,1,0,0,29.38,73
"1007",2017-10-13 23:05:05,"781463DA014AA885",0,100,1,0,19,26.82,83
"1008",2017-10-13 23:05:06,"781463DA0104F6A5",0,100,1,0,15,27.1,81
"1009",2017-10-13 23:05:07,"781463DA0149A472",0,100,1,0,17,27.09,83
"1010",2017-10-13 23:05:07,"781463DA0149B1A1",0,100,1,0,18,28.6,76
"1011",2017-10-13 23:05:08,"781463DA0149AFDB",0,100,1,0,13,27.09,82
"1012",2017-10-13 23:05:09,"781463DA0104F77D",0,100,1,0,7,26.66,84
"1013",2017-10-13 23:05:09,"781463DA0149AF90",0,100,1,0,16,25.05,87
"1014",2017-10-13 23:05:12,"28C2DDDD47A8",0,100,1,0,3,27.5,100
"1015",2017-10-13 23:05:22,"781463DA014AA88F",0,100,1,0,5,30.35,72
"1016",2017-10-13 23:05:23,"781463DA0104F43D",0,100,1,0,11,27.53,82
"1017",2017-10-13 23:05:25,"28C2DDDD456A",0,100,1,0,6,27.87,100
"1018",2017-10-13 23:05:25,"28C2DDDD45E4",0,100,1,0,2,28.5,100
"1019",2017-10-13 23:05:40,"28C2DDDD457F",0,100,1,0,7,27.87,100
"1020",2017-10-13 23:05:43,"28C2DDDD459F",0,100,1,0,0,30,90
"1021",2017-10-13 23:06:00,"28C2DDDD47D6",0,100,1,0,18,36,49
"1022",2017-10-13 23:06:20,"28C2DDDD4797",0,100,1,0,22,31.87,86
"1023",2017-10-13 23:06:20,"781463DA014AABE1",0,100,1,0,14,27.33,83
"1024",2017-10-13 23:06:24,"781463DA0104F695",0,100,1,0,10,25.31,90
"1025",2017-10-13 23:06:27,"781463DA0104F278",0,100,1,0,18,27.55,81
"1026",2017-10-13 23:06:27,"781463DA0149A786",0,100,1,0,17,26.14,87
"1027",2017-10-13 23:06:28,"781463DA0149B1EF",0,100,1,0,11,26.04,86
"1028",2017-10-13 23:06:29,"781463DA0104F3EA",0,100,1,0,2,27.61,79
"1029",2017-10-13 23:06:33,"781463DA0149B3AD",0,100,1,0,9,24.91,91
"1030",2017-10-13 23:06:36,"781463DA0149B1C4",0,100,1,0,9,26.44,84
"1031",2017-10-13 23:06:38,"28C2DDDD45FC",0,100,1,0,2,29.25,100
"1032",2017-10-13 23:06:43,"28C2DDDD47CB",0,100,1,0,42,32.12,100
"1033",2017-10-13 23:06:51,"28C2DDDD45A1",0,100,1,0,0,30.12,98
"1034",2017-10-13 23:06:59,"28C2DDDD4357",0,100,1,0,0,28.62,117
"1035",2017-10-13 23:07:00,"28C2DDDD47C5",0,100,1,0,4,34,87
"1036",2017-10-13 23:07:28,"28C2DDDD4233",0,100,1,0,2,28.37,151
"1037",2017-10-13 23:07:29,"781463DA0104F6A9",0,100,1,0,8,26.38,84
"1038",2017-10-13 23:07:31,"781463DA0104F34A",0,100,1,0,19,27.3,83
"1039",2017-10-13 23:07:31,"781463DA0104F4E6",0,100,1,0,2,24.57,75
"1040",2017-10-13 23:07:31,"781463DA0104F566",0,100,1,0,7,26.35,86
"1041",2017-10-13 23:07:31,"781463DA0104F689",0,100,1,0,9,27.46,81
"1042",2017-10-13 23:07:31,"781463DA0149A7BC",0,100,1,0,6,26.29,86
"1043",2017-10-13 23:07:31,"781463DA0149AD11",0,100,1,0,16,28.63,78
"1044",2017-10-13 23:07:31,"781463DA0149B198",0,100,1,0,13,27.53,81
"1045",2017-10-13 23:07:32,"781463DA0104F2C0",0,100,1,0,14,27.55,81
"1046",2017-10-13 23:07:32,"781463DA0104F70A",0,100,1,0,12,27.54,82
"1047",2017-10-13 23:07:32,"781463DA0104F797",0,100,1,0,13,26.67,83
"1048",2017-10-13 23:07:32,"781463DA01499E91",0,100,1,0,13,27.34,83
"1049",2017-10-13 23:07:32,"781463DA0149A177",0,100,1,0,10,26.07,87
"1050",2017-10-13 23:07:32,"781463DA0149A43B",0,100,1,0,10,26.64,84
"1051",2017-10-13 23:07:32,"781463DA0149DBFF",0,100,1,0,7,25.37,89
"1052",2017-10-13 23:07:33,"781463DA0104F657",0,100,1,0,0,25.92,88
"1053",2017-10-13 23:07:34,"781463DA0104F314",0,100,1,0,12,26.04,80
"1054",2017-10-13 23:07:34,"781463DA0104F417",0,100,1,0,11,26.21,87
"1055",2017-10-13 23:07:34,"781463DA0149A7F0",0,100,1,0,13,27.47,81
"1056",2017-10-13 23:07:37,"781463DA0104F38D",0,100,1,0,10,29.68,75
"1057",2017-10-13 23:07:37,"781463DA0104F38E",0,100,1,0,19,27.12,83
"1058",2017-10-13 23:07:44,"781463DA0149ABAC",0,100,1,0,18,26.07,86
"1059",2017-10-13 23:07:46,"781463DA0149A45F",0,100,1,0,6,24.42,91
"1060",2017-10-13 23:07:48,"781463DA0149A78F",0,100,1,0,12,25.85,89
"1061",2017-10-13 23:07:58,"28C2DDDD43FD",0,100,1,0,9,28.25,122
"1062",2017-10-13 23:08:00,"781463DA0104F6A9",0,100,1,0,8,26.37,84
"1063",2017-10-13 23:08:01,"781463DA0104F20E",0,100,1,0,20,28.84,78
"1064",2017-10-13 23:08:02,"781463DA0104F620",0,100,1,0,11,26.44,85
"1065",2017-10-13 23:08:02,"781463DA0104F624",0,100,1,0,5,27.21,82
"1066",2017-10-13 23:08:06,"781463DA0104F3E4",0,100,1,0,18,26.91,83
"1067",2017-10-13 23:08:07,"781463DA0104F429",0,100,1,0,7,25.42,86
"1068",2017-10-13 23:08:07,"781463DA0104F787",0,100,1,0,0,29.33,72
"1069",2017-10-13 23:08:08,"28C2DDDD415F",0,100,1,0,10,29.37,55
"1070",2017-10-13 23:08:08,"781463DA0104F6A5",0,100,1,0,14,27.07,82
"1071",2017-10-13 23:08:08,"781463DA0149B1A1",0,100,1,0,16,28.6,76
"1072",2017-10-13 23:08:08,"781463DA014AA885",0,100,1,0,20,26.84,83
"1073",2017-10-13 23:08:09,"781463DA0149A472",0,100,1,0,21,27.06,83
"1074",2017-10-13 23:08:09,"781463DA0149A515",0,100,1,0,21,25.85,87
"1075",2017-10-13 23:08:09,"781463DA0149AFDB",0,100,1,0,13,27.09,82
"1076",2017-10-13 23:08:10,"781463DA0104F77D",0,100,1,0,8,26.63,84
"1077",2017-10-13 23:08:10,"781463DA0149AF90",0,100,1,0,19,25.07,87
"1078",2017-10-13 23:08:17,"28C2DDDD45E7",0,100,1,0,1,31.62,82
"1079",2017-10-13 23:08:23,"781463DA014AA88F",0,100,1,0,2,30.32,71
"1080",2017-10-13 23:08:25,"781463DA0104F43D",0,100,1,0,11,27.5,82
"1081",2017-10-13 23:08:30,"28C2DDDD4579",0,100,1,0,2,28.25,131
"1082",2017-10-13 23:08:36,"28C2DDDD436B",0,100,1,0,0,29.75,100
"1083",2017-10-13 23:08:39,"28C2DDDD4360",0,100,1,0,1,29.12,100
"1084",2017-10-13 23:08:54,"28C2DDDD436E",0,100,1,0,2,29.37,90
"1085",2017-10-13 23:08:55,"28C2DDDD4229",0,100,1,0,3,29,100
"1086",2017-10-13 23:09:01,"781463DA0104F6A9",0,100,1,0,8,26.37,85
"1087",2017-10-13 23:09:07,"28C2DDDD400A",0,100,1,0,4,28.62,114
"1088",2017-10-13 23:09:08,"28C2DDDD47C7",0,100,1,0,16,33.25,57
"1089",2017-10-13 23:09:10,"28C2DDDD4566",0,100,1,0,2,27.75,100
"1090",2017-10-13 23:09:13,"28C2DDDD3FE7",0,100,1,0,1,28.62,50
"1091",2017-10-13 23:09:15,"28C2DDDD423C",0,100,1,0,0,29.25,112
"1092",2017-10-13 23:09:21,"781463DA014AABE1",0,100,1,0,14,27.27,84
"1093",2017-10-13 23:09:24,"781463DA0104F695",0,100,1,0,15,25.27,90
"1094",2017-10-13 23:09:28,"781463DA0104F278",0,100,1,0,19,27.56,81
"1095",2017-10-13 23:09:28,"781463DA0149A786",0,100,1,0,15,26.15,87
"1096",2017-10-13 23:09:29,"781463DA0149B1EF",0,100,1,0,13,26.04,86
"1097",2017-10-13 23:09:30,"781463DA0104F3EA",0,100,1,0,2,27.69,78
"1098",2017-10-13 23:09:32,"781463DA0104F6A9",0,100,1,0,7,26.37,85
"1099",2017-10-13 23:09:34,"781463DA0149B3AD",0,100,1,0,8,24.86,92
"1100",2017-10-13 23:09:37,"781463DA0149B1C4",0,100,1,0,13,26.38,84
"1101",2017-10-13 23:09:52,"28C2DDDD452E",0,100,1,0,2,27.75,100
"1102",2017-10-13 23:10:01,"28C2DDDD415C",0,100,1,0,5,28.5,100
"1103",2017-10-13 23:10:03,"781463DA0104F6A9",0,100,1,0,7,26.34,85
"1104",2017-10-13 23:10:32,"781463DA0149AD11",0,100,1,0,14,28.69,78
"1105",2017-10-13 23:10:32,"781463DA0149B198",0,100,1,0,14,27.52,80
"1106",2017-10-13 23:10:33,"781463DA0104F2C0",0,100,1,0,17,27.56,81
"1107",2017-10-13 23:10:33,"781463DA0104F4E6",0,100,1,0,1,24.54,75
"1108",2017-10-13 23:10:33,"781463DA0104F566",0,100,1,0,6,26.35,86
"1109",2017-10-13 23:10:33,"781463DA0104F689",0,100,1,0,8,27.44,81
"1110",2017-10-13 23:10:33,"781463DA0104F70A",0,100,1,0,10,27.52,82
"1111",2017-10-13 23:10:33,"781463DA0104F797",0,100,1,0,11,26.7,83
"1112",2017-10-13 23:10:33,"781463DA01499E91",0,100,1,0,13,27.33,83
"1113",2017-10-13 23:10:33,"781463DA0149A177",0,100,1,0,8,26.04,87
"1114",2017-10-13 23:10:33,"781463DA0149A7BC",0,100,1,0,6,26.25,86
"1115",2017-10-13 23:10:33,"781463DA0149DBFF",0,100,1,0,7,25.34,89
"1116",2017-10-13 23:10:34,"781463DA0104F34A",0,100,1,0,22,27.34,83
"1117",2017-10-13 23:10:34,"781463DA0104F657",0,100,1,0,0,25.91,88
"1118",2017-10-13 23:10:34,"781463DA0149A43B",0,100,1,0,9,26.67,84
"1119",2017-10-13 23:10:35,"781463DA0149A7F0",0,100,1,0,12,27.48,82
"1120",2017-10-13 23:10:36,"781463DA0104F314",0,100,1,0,13,26.03,80
"1121",2017-10-13 23:10:38,"781463DA0104F38D",0,100,1,0,6,29.67,75
"1122",2017-10-13 23:10:38,"781463DA0104F38E",0,100,1,0,17,26.99,83
"1123",2017-10-13 23:10:38,"781463DA0104F417",0,100,1,0,12,26.24,86
"1124",2017-10-13 23:10:45,"781463DA0149ABAC",0,100,1,0,16,26.04,86
"1125",2017-10-13 23:10:47,"781463DA0149A45F",0,100,1,0,7,24.42,91
"1126",2017-10-13 23:10:52,"781463DA0149A78F",0,100,1,0,10,25.91,88
"1127",2017-10-13 23:11:02,"781463DA0104F20E",0,100,1,0,20,28.81,78
"1128",2017-10-13 23:11:08,"781463DA0104F787",0,100,1,0,0,29.33,72
"1129",2017-10-13 23:11:09,"781463DA014AA885",0,100,1,0,17,26.84,83
"1130",2017-10-13 23:11:10,"781463DA0149A472",0,100,1,0,21,27.06,83
"1131",2017-10-13 23:11:31,"781463DA0104F3E4",0,100,1,0,18,27.06,82
"1132",2017-10-13 23:11:31,"781463DA0104F429",0,100,1,0,3,25.42,87
"1133",2017-10-13 23:11:31,"781463DA0104F620",0,100,1,0,19,26.45,84
"1134",2017-10-13 23:11:31,"781463DA0104F624",0,100,1,0,5,27.21,82
"1135",2017-10-13 23:11:31,"781463DA0104F77D",0,100,1,0,8,26.65,84
"1136",2017-10-13 23:11:31,"781463DA0149AF90",0,100,1,0,19,25.11,88
"1137",2017-10-13 23:11:31,"781463DA0149B1A1",0,100,1,0,15,28.6,76
"1138",2017-10-13 23:11:31,"781463DA014AA88F",0,100,1,0,3,30.35,71
"1139",2017-10-13 23:11:32,"781463DA0104F43D",0,100,1,0,10,27.48,83
"1140",2017-10-13 23:11:32,"781463DA0104F6A5",0,100,1,0,16,27.06,81
"1141",2017-10-13 23:11:32,"781463DA0149AFDB",0,100,1,0,15,27.03,82
"1142",2017-10-13 23:12:09,"781463DA0149A515",0,100,1,0,25,25.87,88
"1143",2017-10-13 23:12:22,"781463DA014AABE1",0,100,1,0,16,27.11,84
"1144",2017-10-13 23:12:25,"781463DA0104F695",0,100,1,0,8,25.28,90
"1145",2017-10-13 23:12:29,"781463DA0104F278",0,100,1,0,18,27.55,81
"1146",2017-10-13 23:12:30,"781463DA0149A786",0,100,1,0,19,26.16,87
"1147",2017-10-13 23:12:30,"781463DA0149B1EF",0,100,1,0,11,26.05,86
"1148",2017-10-13 23:12:32,"781463DA0104F3EA",0,100,1,0,7,27.75,78
"1149",2017-10-13 23:12:35,"781463DA0149B3AD",0,100,1,0,6,24.85,91
"1150",2017-10-13 23:12:40,"781463DA0149B1C4",0,100,1,0,15,26.38,84
"1151",2017-10-13 23:13:03,"781463DA0104F6A9",0,100,1,0,6,26.37,84
"1152",2017-10-13 23:13:32,"781463DA0149B198",0,100,1,0,16,27.5,81
"1153",2017-10-13 23:13:33,"781463DA0149AD11",0,100,1,0,15,28.72,77
"1154",2017-10-13 23:13:34,"781463DA0104F4E6",0,100,1,0,2,24.48,75
"1155",2017-10-13 23:13:34,"781463DA0104F566",0,100,1,0,7,26.32,86
"1156",2017-10-13 23:13:34,"781463DA0104F689",0,100,1,0,9,27.47,81
"1157",2017-10-13 23:13:34,"781463DA01499E91",0,100,1,0,9,27.33,82
"1158",2017-10-13 23:13:34,"781463DA0149A177",0,100,1,0,8,25.97,88
"1159",2017-10-13 23:13:34,"781463DA0149A7BC",0,100,1,0,5,26.23,86
"1160",2017-10-13 23:13:35,"781463DA0104F2C0",0,100,1,0,13,27.64,81
"1161",2017-10-13 23:13:35,"781463DA0104F34A",0,100,1,0,21,27.37,82
"1162",2017-10-13 23:13:35,"781463DA0104F657",0,100,1,0,0,25.88,88
"1163",2017-10-13 23:13:35,"781463DA0104F70A",0,100,1,0,11,27.49,82
"1164",2017-10-13 23:13:35,"781463DA0104F797",0,100,1,0,12,26.72,83
"1165",2017-10-13 23:13:35,"781463DA0149A43B",0,100,1,0,6,26.61,84
"1166",2017-10-13 23:13:35,"781463DA0149DBFF",0,100,1,0,9,25.34,89
"1167",2017-10-13 23:13:36,"781463DA0104F314",0,100,1,0,17,26.04,80
"1168",2017-10-13 23:13:36,"781463DA0149A7F0",0,100,1,0,12,27.5,82
"1169",2017-10-13 23:13:39,"781463DA0104F38D",0,100,1,0,9,29.69,74
"1170",2017-10-13 23:13:39,"781463DA0104F38E",0,100,1,0,17,26.99,83
"1171",2017-10-13 23:13:41,"781463DA0104F417",0,100,1,0,11,26.35,86
"1172",2017-10-13 23:13:46,"781463DA0149ABAC",0,100,1,0,16,26.03,86
"1173",2017-10-13 23:13:48,"781463DA0149A45F",0,100,1,0,7,24.4,91
"1174",2017-10-13 23:13:54,"781463DA0149A78F",0,100,1,0,13,25.93,88
"1175",2017-10-13 23:14:03,"781463DA0104F20E",0,100,1,0,19,28.81,78
"1176",2017-10-13 23:14:10,"781463DA014AA885",0,100,1,0,21,26.82,83
"1177",2017-10-13 23:14:12,"781463DA0149A472",0,100,1,0,17,27.04,83
"1178",2017-10-13 23:14:20,"781463DA0104F787",0,100,1,0,0,29.35,72
"1179",2017-10-13 23:14:31,"781463DA0104F620",0,100,1,0,8,26.48,84
"1180",2017-10-13 23:14:32,"781463DA0104F43D",0,100,1,0,9,27.48,83
"1181",2017-10-13 23:14:32,"781463DA0104F624",0,100,1,0,5,27.18,82
"1182",2017-10-13 23:14:33,"781463DA0104F3E4",0,100,1,0,17,27.17,82
"1183",2017-10-13 23:14:33,"781463DA0104F6A5",0,100,1,0,13,27.07,82
"1184",2017-10-13 23:14:33,"781463DA0104F77D",0,100,1,0,8,26.63,84
"1185",2017-10-13 23:14:33,"781463DA0149AF90",0,100,1,0,15,25.14,88
"1186",2017-10-13 23:14:33,"781463DA0149AFDB",0,100,1,0,18,27.03,82
"1187",2017-10-13 23:14:33,"781463DA0149B1A1",0,100,1,0,19,28.59,77
"1188",2017-10-13 23:14:33,"781463DA014AA88F",0,100,1,0,3,30.32,71
"1189",2017-10-13 23:14:42,"781463DA0104F429",0,100,1,0,3,25.39,87
"1190",2017-10-13 23:15:27,"781463DA0104F695",0,100,1,0,7,25.34,90
"1191",2017-10-13 23:15:30,"781463DA0104F278",0,100,1,0,18,27.57,81
"1192",2017-10-13 23:15:31,"781463DA0149A786",0,100,1,0,20,26.14,87
"1193",2017-10-13 23:15:31,"781463DA0149B1EF",0,100,1,0,11,26.11,86
"1194",2017-10-13 23:15:33,"781463DA0104F3EA",0,100,1,0,5,27.68,78
"1195",2017-10-13 23:15:36,"781463DA0149B3AD",0,100,1,0,11,24.81,92
"1196",2017-10-13 23:15:41,"781463DA0149B1C4",0,100,1,0,19,26.35,84
"1197",2017-10-13 23:15:48,"781463DA0149A515",0,100,1,0,30,25.92,88
"1198",2017-10-13 23:16:04,"781463DA0104F6A9",0,100,1,0,7,26.38,84
